Workbook

Sheet Repeated measurements
N1: These values are in M2 of leaf area, not basal area
A2: population | B2: elevation | C2: genotype | D2: Replicate # | E2: am.pm | F2: date | G2: treatment | H2: rh (%) | I2: Tair (oC) | J2: Tleaf (oC) | K2: vpd (kPa) | L2: gsw.(mol m-2 s-1) | M2: gsw.(mmol m-2 s-1) | N2: E.(mmol m-2 s-1) | O2: E (mol m-2 s-1) | P2: E (g m-2 s-1) | Q2: E (kg m-2 s-1) | R2: E (kg m-2 hr-1) | S2: Total leaf area (m2) | T2: Al:Ab (m2 cm-2) | U2: Al:Ab (m2 m-2) | V2: Ypd (MPa) | W2: Ymd (MPa) | X2: Delta Y (MPa) | Y2: K (Kg hr-1 MPa-1 m-2) | Z2: K (Kg hr-1 MPa-1 m-2) per BA | AA2: K (mmol s-1 MPa-1 m-2) per LA | AB2: K (mmol s-1 MPa-1 m-2) per BA
A3: CCR-COL | B3: 72 | C3: 156 | D3: 43 | E3: am | F3: 45127 | G3: predrought | H3: 25.5 | I3: 38.26 | J3: 33.03 | K3: 3.33 | L3: 0.24 | M3: =L3*1000 -> 240 | N3: 7.42 | O3: =N3/1000 -> 0.00742 | P3: =O3*18 -> 0.13356 | Q3: =P3/1000 -> 0.00013356 | R3: =Q3*3600 -> 0.480816 | S3: 18.53 | T3: 3.87 | U3: =T3*10000 -> 38700 | V3: -0.41 | W3: -2.53 | X3: =V3-W3 -> 2.12 | Y3: =R3/X3 -> 0.2268 | Z3: =Y3*U3 -> 8777.16 | AA3: =Y3 * 1000 * 1000 / 18.01528 / 3600 -> 3.4970314 | AB3: =AA3*U3 -> 135335.12
A4: CCR-COL | B4: 72 | C4: 156 | D4: 44 | E4: am | F4: 45128 | G4: predrought | H4: 32.18 | I4: 36.76 | J4: 33.22 | K4: 3.11 | L4: 0.24 | M4: =L4*1000 -> 240 | N4: 6.72 | O4: =N4/1000 -> 0.00672 | P4: =O4*18 -> 0.12096 | Q4: =P4/1000 -> 0.00012096 | R4: =Q4*3600 -> 0.435456 | S4: 5.08 | T4: 1.59 | U4: =T4*10000 -> 15900 | V4: -0.58 | W4: -2.34 | X4: =V4-W4 -> 1.76 | Y4: =R4/X4 -> 0.24741818 | Z4: =Y4*U4 -> 3933.9491 | AA4: =Y4 * 1000 * 1000 / 18.01528 / 3600 -> 3.8149434 | AB4: =AA4*U4 -> 60657.599
A5: CCR-COL | B5: 72 | C5: 156 | D5: 45 | E5: am | F5: 45127 | G5: predrought | H5: 21 | I5: 40.22 | J5: 33.77 | K5: 3.69 | L5: 0.36 | M5: =L5*1000 -> 360 | N5: 12.54 | O5: =N5/1000 -> 0.01254 | P5: =O5*18 -> 0.22572 | Q5: =P5/1000 -> 0.00022572 | R5: =Q5*3600 -> 0.812592 | S5: 13.38 | T5: 3.64 | U5: =T5*10000 -> 36400 | V5: -0.49 | W5: -1.96 | X5: =V5-W5 -> 1.47 | Y5: =R5/X5 -> 0.55278367 | Z5: =Y5*U5 -> 20121.326 | AA5: =Y5 * 1000 * 1000 / 18.01528 / 3600 -> 8.5233768 | AB5: =AA5*U5 -> 310250.92
A6: CCR-COL | B6: 72 | C6: 149 | D6: 46 | E6: am | F6: 45127 | G6: predrought | H6: 23.12 | I6: 38.65 | J6: 33.68 | K6: 3.64 | L6: 0.29 | M6: =L6*1000 -> 290 | N6: 9.89 | O6: =N6/1000 -> 0.00989 | P6: =O6*18 -> 0.17802 | Q6: =P6/1000 -> 0.00017802 | R6: =Q6*3600 -> 0.640872 | S6: 10.99 | T6: 2.05 | U6: =T6*10000 -> 20500 | V6: -0.5 | W6: -2.96 | X6: =V6-W6 -> 2.46 | Y6: =R6/X6 -> 0.26051707 | Z6: =Y6*U6 -> 5340.6 | AA6: =Y6 * 1000 * 1000 / 18.01528 / 3600 -> 4.0169153 | AB6: =AA6*U6 -> 82346.763
A7: CCR-COL | B7: 72 | C7: 149 | D7: 47 | E7: am | F7: 45128 | G7: predrought | H7: 35.37 | I7: 34.49 | J7: 31.41 | K7: 2.67 | L7: 0.3 | M7: =L7*1000 -> 300 | N7: 7.64 | O7: =N7/1000 -> 0.00764 | P7: =O7*18 -> 0.13752 | Q7: =P7/1000 -> 0.00013752 | R7: =Q7*3600 -> 0.495072 | S7: 10.98 | T7: 2.51 | U7: =T7*10000 -> 25100 | V7: -0.58 | W7: -2.41 | X7: =V7-W7 -> 1.83 | Y7: =R7/X7 -> 0.27053115 | Z7: =Y7*U7 -> 6790.3318 | AA7: =Y7 * 1000 * 1000 / 18.01528 / 3600 -> 4.1713224 | AB7: =AA7*U7 -> 104700.19
A8: CCR-COL | B8: 72 | C8: 149 | D8: 48 | E8: am | F8: 45128 | G8: predrought | H8: 33.08 | I8: 36.29 | J8: 33.43 | K8: 3.16 | L8: 0.19 | M8: =L8*1000 -> 190 | N8: 5.5 | O8: =N8/1000 -> 0.0055 | P8: =O8*18 -> 0.099 | Q8: =P8/1000 -> 9.9e-05 | R8: =Q8*3600 -> 0.3564 | S8: 17.25 | T8: 2.85 | U8: =T8*10000 -> 28500 | V8: -0.81 | W8: -2.7 | X8: =V8-W8 -> 1.89 | Y8: =R8/X8 -> 0.18857143 | Z8: =Y8*U8 -> 5374.2857 | AA8: =Y8 * 1000 * 1000 / 18.01528 / 3600 -> 2.9075847 | AB8: =AA8*U8 -> 82866.164
A9: CCR-COL | B9: 72 | C9: 152 | D9: 49 | E9: am | F9: 45128 | G9: predrought | H9: 37.77 | I9: 32.81 | J9: 29.61 | K9: 2.27 | L9: 0.43 | M9: =L9*1000 -> 430 | N9: 9.19 | O9: =N9/1000 -> 0.00919 | P9: =O9*18 -> 0.16542 | Q9: =P9/1000 -> 0.00016542 | R9: =Q9*3600 -> 0.595512 | S9: 16.68 | T9: 2.78 | U9: =T9*10000 -> 27800 | V9: -0.61 | W9: -2.57 | X9: =V9-W9 -> 1.96 | Y9: =R9/X9 -> 0.30383265 | Z9: =Y9*U9 -> 8446.5478 | AA9: =Y9 * 1000 * 1000 / 18.01528 / 3600 -> 4.6847986 | AB9: =AA9*U9 -> 130237.4
A10: CCR-COL | B10: 72 | C10: 152 | D10: 50 | E10: am | F10: 45128 | G10: predrought | H10: 33.39 | I10: 36.27 | J10: 31.57 | K10: 2.63 | L10: 0.41 | M10: =L10*1000 -> 410 | N10: 10.16 | O10: =N10/1000 -> 0.01016 | P10: =O10*18 -> 0.18288 | Q10: =P10/1000 -> 0.00018288 | R10: =Q10*3600 -> 0.658368 | S10: 29.47 | T10: 3.96 | U10: =T10*10000 -> 39600 | V10: -0.92 | W10: -2.25 | X10: =V10-W10 -> 1.33 | Y10: =R10/X10 -> 0.49501353 | Z10: =Y10*U10 -> 19602.536 | AA10: =Y10 * 1000 * 1000 / 18.01528 / 3600 -> 7.6326185 | AB10: =AA10*U10 -> 302251.69
A11: CCR-COL | B11: 72 | C11: 152 | D11: 51 | E11: am | F11: 45128 | G11: predrought | H11: 32.14 | I11: 36.8 | J11: 32.39 | K11: 2.87 | L11: 0.39 | M11: =L11*1000 -> 390 | N11: 10.54 | O11: =N11/1000 -> 0.01054 | P11: =O11*18 -> 0.18972 | Q11: =P11/1000 -> 0.00018972 | R11: =Q11*3600 -> 0.682992 | S11: 11.56 | T11: 1.91 | U11: =T11*10000 -> 19100 | V11: -0.85 | W11: -2.76 | X11: =V11-W11 -> 1.91 | Y11: =R11/X11 -> 0.35758743 | Z11: =Y11*U11 -> 6829.92 | AA11: =Y11 * 1000 * 1000 / 18.01528 / 3600 -> 5.5136441 | AB11: =AA11*U11 -> 105310.6
A12: CCR-COL | B12: 72 | C12: 155 | D12: 58 | E12: am | F12: 45128 | G12: predrought | H12: 35.9 | I12: 34.13 | J12: 31.69 | K12: 2.75 | L12: 0.24 | M12: =L12*1000 -> 240 | N12: 6.17 | O12: =N12/1000 -> 0.00617 | P12: =O12*18 -> 0.11106 | Q12: =P12/1000 -> 0.00011106 | R12: =Q12*3600 -> 0.399816 | S12: 25.14 | T12: 4.53 | U12: =T12*10000 -> 45300 | V12: -0.83 | W12: -2.87 | X12: =V12-W12 -> 2.04 | Y12: =R12/X12 -> 0.19598824 | Z12: =Y12*U12 -> 8878.2671 | AA12: =Y12 * 1000 * 1000 / 18.01528 / 3600 -> 3.0219445 | AB12: =AA12*U12 -> 136894.09
A13: CCR-COL | B13: 72 | C13: 155 | D13: 59 | E13: am | F13: 45127 | G13: predrought | H13: 27.18 | I13: 35.53 | J13: 32.08 | K13: 3.2 | L13: 0.25 | M13: =L13*1000 -> 250 | N13: 7.52 | O13: =N13/1000 -> 0.00752 | P13: =O13*18 -> 0.13536 | Q13: =P13/1000 -> 0.00013536 | R13: =Q13*3600 -> 0.487296 | S13: 16.94 | T13: 3.17 | U13: =T13*10000 -> 31700 | V13: -0.42 | W13: -2.19 | X13: =V13-W13 -> 1.77 | Y13: =R13/X13 -> 0.27530847 | Z13: =Y13*U13 -> 8727.2786 | AA13: =Y13 * 1000 * 1000 / 18.01528 / 3600 -> 4.2449841 | AB13: =AA13*U13 -> 134565.99
A14: CCR-COL | B14: 72 | C14: 155 | D14: 60 | E14: am | F14: 45128 | G14: predrought | H14: 34.94 | I14: 35.16 | J14: 32.16 | K14: 2.82 | L14: 0.2 | M14: =L14*1000 -> 200 | N14: 5.24 | O14: =N14/1000 -> 0.00524 | P14: =O14*18 -> 0.09432 | Q14: =P14/1000 -> 9.432e-05 | R14: =Q14*3600 -> 0.339552 | S14: 22.24 | T14: 4.22 | U14: =T14*10000 -> 42200 | V14: -0.47 | W14: -2.49 | X14: =V14-W14 -> 2.02 | Y14: =R14/X14 -> 0.16809505 | Z14: =Y14*U14 -> 7093.6111 | AA14: =Y14 * 1000 * 1000 / 18.01528 / 3600 -> 2.5918592 | AB14: =AA14*U14 -> 109376.46
... A122: TSZ-SAN | B122: 1212 | C122: 10 | D122: 42 | E122: pm | F122: 45128 | G122: predrought | H122: 14.29 | I122: 46.54 | J122: 40.97 | K122: 6.29 | L122: 0.14 | M122: =L122*1000 -> 140 | N122: 8.03 | O122: =N122/1000 -> 0.00803 | P122: =O122*18 -> 0.14454 | Q122: =P122/1000 -> 0.00014454 | R122: =Q122*3600 -> 0.520344 | S122: 14.52 | T122: 3.06 | U122: =T122*10000 -> 30600 | V122: -0.59 | W122: -2.29 | X122: =V122-W122 -> 1.7 | Y122: =R122/X122 -> 0.30608471 | Z122: =Y122*U122 -> 9366.192 | AA122: =Y122 * 1000 * 1000 / 18.01528 / 3600 -> 4.7195231 | AB122: =AA122*U122 -> 144417.41
M123: =L123*1000 -> 0 | Z123: =Y123*U123 -> 0 | AA123: =Y123 * 1000 * 1000 / 18.01528 / 3600 -> 0 | AB123: =AA123*U123 -> 0
A124: CCR-COL | B124: 72 | C124: 156 | D124: 43 | E124: am | F124: 45147 | G124: predrought | H124: 35.85 | I124: 35.96 | J124: 30.86 | K124: 2.34 | L124: 0.3 | M124: =L124*1000 -> 300 | N124: 6.56 | O124: =N124/1000 -> 0.00656 | P124: =O124*18 -> 0.11808 | Q124: =P124/1000 -> 0.00011808 | R124: =Q124*3600 -> 0.425088 | S124: 18.53 | T124: 3.87 | U124: =T124*10000 -> 38700 | V124: -0.66 | W124: -2.21 | X124: =V124-W124 -> 1.55 | Y124: =R124/X124 -> 0.27425032 | Z124: =Y124*U124 -> 10613.487 | AA124: =Y124 * 1000 * 1000 / 18.01528 / 3600 -> 4.2286684 | AB124: =AA124*U124 -> 163649.47
A125: CCR-COL | B125: 72 | C125: 156 | D125: 44 | E125: am | F125: 45148 | G125: predrought | H125: 29.74 | I125: 35.96 | J125: 31 | K125: 2.73 | L125: 0.29 | M125: =L125*1000 -> 290 | N125: 7.54 | O125: =N125/1000 -> 0.00754 | P125: =O125*18 -> 0.13572 | Q125: =P125/1000 -> 0.00013572 | R125: =Q125*3600 -> 0.488592 | S125: 5.08 | T125: 1.59 | U125: =T125*10000 -> 15900 | V125: -0.77 | W125: -2.28 | X125: =V125-W125 -> 1.51 | Y125: =R125/X125 -> 0.32357086 | Z125: =Y125*U125 -> 5144.7767 | AA125: =Y125 * 1000 * 1000 / 18.01528 / 3600 -> 4.9891423 | AB125: =AA125*U125 -> 79327.362
A126: CCR-COL | B126: 72 | C126: 156 | D126: 45 | E126: am | F126: 45147 | G126: predrought | H126: 33.9 | I126: 37.03 | J126: 31.92 | K126: 2.61 | L126: 0.38 | M126: =L126*1000 -> 380 | N126: 9.23 | O126: =N126/1000 -> 0.00923 | P126: =O126*18 -> 0.16614 | Q126: =P126/1000 -> 0.00016614 | R126: =Q126*3600 -> 0.598104 | S126: 13.38 | T126: 3.64 | U126: =T126*10000 -> 36400 | V126: -0.51 | W126: -1.92 | X126: =V126-W126 -> 1.41 | Y126: =R126/X126 -> 0.42418723 | Z126: =Y126*U126 -> 15440.415 | AA126: =Y126 * 1000 * 1000 / 18.01528 / 3600 -> 6.5405471 | AB126: =AA126*U126 -> 238075.91
A127: CCR-COL | B127: 72 | C127: 149 | D127: 46 | E127: am | F127: 45147 | G127: predrought | H127: 35.57 | I127: 36.04 | J127: 31.33 | K127: 2.46 | L127: 0.45 | M127: =L127*1000 -> 450 | N127: 10.58 | O127: =N127/1000 -> 0.01058 | P127: =O127*18 -> 0.19044 | Q127: =P127/1000 -> 0.00019044 | R127: =Q127*3600 -> 0.685584 | S127: 10.99 | T127: 2.05 | U127: =T127*10000 -> 20500 | V127: -0.62 | W127: -2.1 | X127: =V127-W127 -> 1.48 | Y127: =R127/X127 -> 0.46323243 | Z127: =Y127*U127 -> 9496.2649 | AA127: =Y127 * 1000 * 1000 / 18.01528 / 3600 -> 7.1425854 | AB127: =AA127*U127 -> 146423
A128: CCR-COL | B128: 72 | C128: 149 | D128: 47 | E128: am | F128: 45148 | G128: predrought | H128: 32.18 | I128: 34.9 | J128: 30.72 | K128: 2.63 | L128: 0.35 | M128: =L128*1000 -> 350 | N128: 8.81 | O128: =N128/1000 -> 0.00881 | P128: =O128*18 -> 0.15858 | Q128: =P128/1000 -> 0.00015858 | R128: =Q128*3600 -> 0.570888 | S128: 10.98 | T128: 2.51 | U128: =T128*10000 -> 25100 | V128: -0.44 | W128: -2.3 | X128: =V128-W128 -> 1.86 | Y128: =R128/X128 -> 0.30692903 | Z128: =Y128*U128 -> 7703.9187 | AA128: =Y128 * 1000 * 1000 / 18.01528 / 3600 -> 4.7325417 | AB128: =AA128*U128 -> 118786.8
A129: CCR-COL | B129: 72 | C129: 149 | D129: 48 | E129: am | F129: 45148 | G129: predrought | H129: 30.89 | I129: 35.2 | J129: 31.5 | K129: 2.87 | L129: 0.33 | M129: =L129*1000 -> 330 | N129: 8.92 | O129: =N129/1000 -> 0.00892 | P129: =O129*18 -> 0.16056 | Q129: =P129/1000 -> 0.00016056 | R129: =Q129*3600 -> 0.578016 | S129: 17.25 | T129: 2.85 | U129: =T129*10000 -> 28500 | V129: -0.61 | W129: -2.2 | X129: =V129-W129 -> 1.59 | Y129: =R129/X129 -> 0.36353208 | Z129: =Y129*U129 -> 10360.664 | AA129: =Y129 * 1000 * 1000 / 18.01528 / 3600 -> 5.6053046 | AB129: =AA129*U129 -> 159751.18
A130: CCR-COL | B130: 72 | C130: 152 | D130: 49 | E130: am | F130: 45147 | G130: predrought | H130: 36.61 | I130: 34.85 | J130: 29.61 | K130: 2.11 | L130: 0.45 | M130: =L130*1000 -> 450 | N130: 8.91 | O130: =N130/1000 -> 0.00891 | P130: =O130*18 -> 0.16038 | Q130: =P130/1000 -> 0.00016038 | R130: =Q130*3600 -> 0.577368 | S130: 16.68 | T130: 2.78 | U130: =T130*10000 -> 27800 | V130: -0.93 | W130: -1.75 | X130: =V130-W130 -> 0.82 | Y130: =R130/X130 -> 0.70410732 | Z130: =Y130*U130 -> 19574.183 | AA130: =Y130 * 1000 * 1000 / 18.01528 / 3600 -> 10.856638 | AB130: =AA130*U130 -> 301814.52
A131: CCR-COL | B131: 72 | C131: 152 | D131: 50 | E131: am | F131: 45148 | G131: predrought | H131: 31.37 | I131: 35.23 | J131: 30.47 | K131: 2.57 | L131: 0.32 | M131: =L131*1000 -> 320 | N131: 7.72 | O131: =N131/1000 -> 0.00772 | P131: =O131*18 -> 0.13896 | Q131: =P131/1000 -> 0.00013896 | R131: =Q131*3600 -> 0.500256 | S131: 29.47 | T131: 3.96 | U131: =T131*10000 -> 39600 | V131: -0.61 | W131: -2.42 | X131: =V131-W131 -> 1.81 | Y131: =R131/X131 -> 0.27638453 | Z131: =Y131*U131 -> 10944.827 | AA131: =Y131 * 1000 * 1000 / 18.01528 / 3600 -> 4.2615758 | AB131: =AA131*U131 -> 168758.4
A132: CCR-COL | B132: 72 | C132: 152 | D132: 51 | E132: am | F132: 45148 | G132: predrought | H132: 30.61 | I132: 36 | J132: 31.25 | K132: 2.74 | L132: 0.38 | M132: =L132*1000 -> 380 | N132: 9.81 | O132: =N132/1000 -> 0.00981 | P132: =O132*18 -> 0.17658 | Q132: =P132/1000 -> 0.00017658 | R132: =Q132*3600 -> 0.635688 | S132: 11.56 | T132: 1.91 | U132: =T132*10000 -> 19100 | V132: -0.712 | W132: -1.64 | X132: =V132-W132 -> 0.928 | Y132: =R132/X132 -> 0.68500862 | Z132: =Y132*U132 -> 13083.665 | AA132: =Y132 * 1000 * 1000 / 18.01528 / 3600 -> 10.562155 | AB132: =AA132*U132 -> 201737.15
A133: CCR-COL | B133: 72 | C133: 155 | D133: 58 | E133: am | F133: 45148 | G133: predrought | H133: 31.28 | I133: 35.33 | J133: 31.05 | K133: 2.72 | L133: 0.26 | M133: =L133*1000 -> 260 | N133: 6.58 | O133: =N133/1000 -> 0.00658 | P133: =O133*18 -> 0.11844 | Q133: =P133/1000 -> 0.00011844 | R133: =Q133*3600 -> 0.426384 | S133: 25.14 | T133: 4.53 | U133: =T133*10000 -> 45300 | V133: -0.73 | W133: -1.74 | X133: =V133-W133 -> 1.01 | Y133: =R133/X133 -> 0.42216238 | Z133: =Y133*U133 -> 19123.956 | AA133: =Y133 * 1000 * 1000 / 18.01528 / 3600 -> 6.5093258 | AB133: =AA133*U133 -> 294872.46
A134: CCR-COL | B134: 72 | C134: 155 | D134: 59 | E134: am | F134: 45147 | G134: predrought | H134: 37.19 | I134: 35 | J134: 30.76 | K134: 2.35 | L134: 0.32 | M134: =L134*1000 -> 320 | N134: 7.09 | O134: =N134/1000 -> 0.00709 | P134: =O134*18 -> 0.12762 | Q134: =P134/1000 -> 0.00012762 | R134: =Q134*3600 -> 0.459432 | S134: 16.94 | T134: 3.17 | U134: =T134*10000 -> 31700 | V134: -0.52 | W134: -2.02 | X134: =V134-W134 -> 1.5 | Y134: =R134/X134 -> 0.306288 | Z134: =Y134*U134 -> 9709.3296 | AA134: =Y134 * 1000 * 1000 / 18.01528 / 3600 -> 4.7226577 | AB134: =AA134*U134 -> 149708.25
A135: CCR-COL | B135: 72 | C135: 155 | D135: 60 | E135: am | F135: 45148 | G135: predrought | H135: 31.82 | I135: 34.81 | J135: 30.63 | K135: 2.63 | L135: 0.2 | M135: =L135*1000 -> 200 | N135: 5.01 | O135: =N135/1000 -> 0.00501 | P135: =O135*18 -> 0.09018 | Q135: =P135/1000 -> 9.018e-05 | R135: =Q135*3600 -> 0.324648 | S135: 22.24 | T135: 4.22 | U135: =T135*10000 -> 42200 | V135: -0.49 | W135: -2.45 | X135: =V135-W135 -> 1.96 | Y135: =R135/X135 -> 0.16563673 | Z135: =Y135*U135 -> 6989.8702 | AA135: =Y135 * 1000 * 1000 / 18.01528 / 3600 -> 2.5539544 | AB135: =AA135*U135 -> 107776.88
... A243: TSZ-SAN | B243: 1212 | C243: 10 | D243: 42 | E243: pm | F243: 45148 | G243: predrought | H243: 19.53 | I243: 43.13 | J243: 36.38 | K243: 4.37 | L243: 0.24 | M243: =L243*1000 -> 240 | N243: 9.94 | O243: =N243/1000 -> 0.00994 | P243: =O243*18 -> 0.17892 | Q243: =P243/1000 -> 0.00017892 | R243: =Q243*3600 -> 0.644112 | S243: 14.52 | T243: 3.06 | U243: =T243*10000 -> 30600 | V243: -0.51 | W243: -2.25 | X243: =V243-W243 -> 1.74 | Y243: =R243/X243 -> 0.37017931 | Z243: =Y243*U243 -> 11327.487 | AA243: =Y243 * 1000 * 1000 / 18.01528 / 3600 -> 5.7077984 | AB243: =AA243*U243 -> 174658.63
M244: =L244*1000 -> 0 | Z244: =Y244*U244 -> 0 | AA244: =Y244 * 1000 * 1000 / 18.01528 / 3600 -> 0 | AB244: =AA244*U244 -> 0
A245: CCR-COL | B245: 72 | C245: 156 | D245: 43 | E245: am | F245: 45155 | G245: predrought | H245: 33.15 | I245: 35.95 | J245: 32.65 | K245: 2.98 | L245: 0.26 | M245: =L245*1000 -> 260 | N245: 7.41 | O245: =N245/1000 -> 0.00741 | P245: =O245*18 -> 0.13338 | Q245: =P245/1000 -> 0.00013338 | R245: =Q245*3600 -> 0.480168 | S245: 18.53 | T245: 3.87 | U245: =T245*10000 -> 38700 | V245: -0.36 | W245: -1.89 | X245: =V245-W245 -> 1.53 | Y245: =R245/X245 -> 0.31383529 | Z245: =Y245*U245 -> 12145.426 | AA245: =Y245 * 1000 * 1000 / 18.01528 / 3600 -> 4.8390295 | AB245: =AA245*U245 -> 187270.44
A246: CCR-COL | B246: 72 | C246: 156 | D246: 44 | E246: am | F246: 45154 | G246: predrought | H246: 32.33 | I246: 37.69 | J246: 32.87 | K246: 2.89 | L246: 0.39 | M246: =L246*1000 -> 390 | N246: 10.66 | O246: =N246/1000 -> 0.01066 | P246: =O246*18 -> 0.19188 | Q246: =P246/1000 -> 0.00019188 | R246: =Q246*3600 -> 0.690768 | S246: 5.08 | T246: 1.59 | U246: =T246*10000 -> 15900 | V246: -0.88 | W246: -1.81 | X246: =V246-W246 -> 0.93 | Y246: =R246/X246 -> 0.74276129 | Z246: =Y246*U246 -> 11809.905 | AA246: =Y246 * 1000 * 1000 / 18.01528 / 3600 -> 11.452644 | AB246: =AA246*U246 -> 182097.03
A247: CCR-COL | B247: 72 | C247: 156 | D247: 45 | E247: am | F247: 45155 | G247: predrought | H247: 30.24 | I247: 37.18 | J247: 32.67 | K247: 3.02 | L247: 0.28 | M247: =L247*1000 -> 280 | N247: 8.07 | O247: =N247/1000 -> 0.00807 | P247: =O247*18 -> 0.14526 | Q247: =P247/1000 -> 0.00014526 | R247: =Q247*3600 -> 0.522936 | S247: 13.38 | T247: 3.64 | U247: =T247*10000 -> 36400 | V247: -0.83 | W247: -2.33 | X247: =V247-W247 -> 1.5 | Y247: =R247/X247 -> 0.348624 | Z247: =Y247*U247 -> 12689.914 | AA247: =Y247 * 1000 * 1000 / 18.01528 / 3600 -> 5.3754369 | AB247: =AA247*U247 -> 195665.9
A248: CCR-COL | B248: 72 | C248: 149 | D248: 46 | E248: am | F248: 45155 | G248: predrought | H248: 33.26 | I248: 36.27 | J248: 32.39 | K248: 2.86 | L248: 0.38 | M248: =L248*1000 -> 380 | N248: 10.4 | O248: =N248/1000 -> 0.0104 | P248: =O248*18 -> 0.1872 | Q248: =P248/1000 -> 0.0001872 | R248: =Q248*3600 -> 0.67392 | S248: 10.99 | T248: 2.05 | U248: =T248*10000 -> 20500 | V248: -0.61 | W248: -1.66 | X248: =V248-W248 -> 1.05 | Y248: =R248/X248 -> 0.64182857 | Z248: =Y248*U248 -> 13157.486 | AA248: =Y248 * 1000 * 1000 / 18.01528 / 3600 -> 9.896361 | AB248: =AA248*U248 -> 202875.4
A249: CCR-COL | B249: 72 | C249: 149 | D249: 47 | E249: am | F249: 45154 | G249: predrought | H249: 47.13 | I249: 32.57 | J249: 29.99 | K249: 1.93 | L249: 0.38 | M249: =L249*1000 -> 380 | N249: 7 | O249: =N249/1000 -> 0.007 | P249: =O249*18 -> 0.126 | Q249: =P249/1000 -> 0.000126 | R249: =Q249*3600 -> 0.4536 | S249: 10.98 | T249: 2.51 | U249: =T249*10000 -> 25100 | V249: -0.75 | W249: -2.13 | X249: =V249-W249 -> 1.38 | Y249: =R249/X249 -> 0.32869565 | Z249: =Y249*U249 -> 8250.2609 | AA249: =Y249 * 1000 * 1000 / 18.01528 / 3600 -> 5.0681615 | AB249: =AA249*U249 -> 127210.85
A250: CCR-COL | B250: 72 | C250: 149 | D250: 48 | E250: am | F250: 45154 | G250: predrought | H250: 40.59 | I250: 35.51 | J250: 32.54 | K250: 2.56 | L250: 0.37 | M250: =L250*1000 -> 370 | N250: 8.95 | O250: =N250/1000 -> 0.00895 | P250: =O250*18 -> 0.1611 | Q250: =P250/1000 -> 0.0001611 | R250: =Q250*3600 -> 0.57996 | S250: 17.25 | T250: 2.85 | U250: =T250*10000 -> 28500 | V250: -0.81 | W250: -2.18 | X250: =V250-W250 -> 1.37 | Y250: =R250/X250 -> 0.42332847 | Z250: =Y250*U250 -> 12064.861 | AA250: =Y250 * 1000 * 1000 / 18.01528 / 3600 -> 6.5273058 | AB250: =AA250*U250 -> 186028.21
A251: CCR-COL | B251: 72 | C251: 152 | D251: 49 | E251: am | F251: 45155 | G251: predrought | H251: 36.22 | I251: 33.96 | J251: 29.92 | K251: 2.31 | L251: 0.34 | M251: =L251*1000 -> 340 | N251: 7.21 | O251: =N251/1000 -> 0.00721 | P251: =O251*18 -> 0.12978 | Q251: =P251/1000 -> 0.00012978 | R251: =Q251*3600 -> 0.467208 | S251: 16.68 | T251: 2.78 | U251: =T251*10000 -> 27800 | V251: -0.78 | W251: -1.66 | X251: =V251-W251 -> 0.88 | Y251: =R251/X251 -> 0.53091818 | Z251: =Y251*U251 -> 14759.525 | AA251: =Y251 * 1000 * 1000 / 18.01528 / 3600 -> 8.1862326 | AB251: =AA251*U251 -> 227577.27
A252: CCR-COL | B252: 72 | C252: 152 | D252: 50 | E252: am | F252: 45154 | G252: predrought | H252: 44.3 | I252: 34.53 | J252: 30.79 | K252: 2.01 | L252: 0.24 | M252: =L252*1000 -> 240 | N252: 4.5 | O252: =N252/1000 -> 0.0045 | P252: =O252*18 -> 0.081 | Q252: =P252/1000 -> 8.1e-05 | R252: =Q252*3600 -> 0.2916 | S252: 29.47 | T252: 3.96 | U252: =T252*10000 -> 39600 | V252: -0.32 | W252: -1.74 | X252: =V252-W252 -> 1.42 | Y252: =R252/X252 -> 0.20535211 | Z252: =Y252*U252 -> 8131.9437 | AA252: =Y252 * 1000 * 1000 / 18.01528 / 3600 -> 3.1663262 | AB252: =AA252*U252 -> 125386.52
A253: CCR-COL | B253: 72 | C253: 152 | D253: 51 | E253: am | F253: 45154 | G253: predrought | H253: 31.86 | I253: 37.85 | J253: 32.25 | K253: 2.73 | L253: 0.49 | M253: =L253*1000 -> 490 | N253: 12.81 | O253: =N253/1000 -> 0.01281 | P253: =O253*18 -> 0.23058 | Q253: =P253/1000 -> 0.00023058 | R253: =Q253*3600 -> 0.830088 | S253: 11.56 | T253: 1.91 | U253: =T253*10000 -> 19100 | V253: -0.37 | W253: -1.51 | X253: =V253-W253 -> 1.14 | Y253: =R253/X253 -> 0.72814737 | Z253: =Y253*U253 -> 13907.615 | AA253: =Y253 * 1000 * 1000 / 18.01528 / 3600 -> 11.227311 | AB253: =AA253*U253 -> 214441.65
A254: CCR-COL | B254: 72 | C254: 155 | D254: 58 | E254: am | F254: 45154 | G254: predrought | H254: 48.61 | I254: 32.26 | J254: 29.94 | K254: 1.88 | L254: 0.22 | M254: =L254*1000 -> 220 | N254: 3.89 | O254: =N254/1000 -> 0.00389 | P254: =O254*18 -> 0.07002 | Q254: =P254/1000 -> 7.002e-05 | R254: =Q254*3600 -> 0.252072 | S254: 25.14 | T254: 4.53 | U254: =T254*10000 -> 45300 | V254: -0.47 | W254: -1.91 | X254: =V254-W254 -> 1.44 | Y254: =R254/X254 -> 0.17505 | Z254: =Y254*U254 -> 7929.765 | AA254: =Y254 * 1000 * 1000 / 18.01528 / 3600 -> 2.6990977 | AB254: =AA254*U254 -> 122269.12
A255: CCR-COL | B255: 72 | C255: 155 | D255: 59 | E255: am | F255: 45155 | G255: predrought | H255: 35.88 | I255: 34.46 | J255: 31.45 | K255: 2.65 | L255: 0.21 | M255: =L255*1000 -> 210 | N255: 5.3 | O255: =N255/1000 -> 0.0053 | P255: =O255*18 -> 0.0954 | Q255: =P255/1000 -> 9.54e-05 | R255: =Q255*3600 -> 0.34344 | S255: 16.94 | T255: 3.17 | U255: =T255*10000 -> 31700 | V255: -0.54 | W255: -1.73 | X255: =V255-W255 -> 1.19 | Y255: =R255/X255 -> 0.28860504 | Z255: =Y255*U255 -> 9148.7798 | AA255: =Y255 * 1000 * 1000 / 18.01528 / 3600 -> 4.450004 | AB255: =AA255*U255 -> 141065.13
A256: CCR-COL | B256: 72 | C256: 155 | D256: 60 | E256: am | F256: 45154 | G256: predrought | H256: 48.17 | I256: 33.15 | J256: 30.83 | K256: 2.01 | L256: 0.19 | M256: =L256*1000 -> 190 | N256: 3.62 | O256: =N256/1000 -> 0.00362 | P256: =O256*18 -> 0.06516 | Q256: =P256/1000 -> 6.516e-05 | R256: =Q256*3600 -> 0.234576 | S256: 22.24 | T256: 4.22 | U256: =T256*10000 -> 42200 | V256: -0.34 | W256: -1.87 | X256: =V256-W256 -> 1.53 | Y256: =R256/X256 -> 0.15331765 | Z256: =Y256*U256 -> 6470.0047 | AA256: =Y256 * 1000 * 1000 / 18.01528 / 3600 -> 2.3640063 | AB256: =AA256*U256 -> 99761.066
... A364: TSZ-SAN | B364: 1212 | C364: 10 | D364: 42 | E364: pm | F364: 45154 | G364: predrought | H364: 16.65 | I364: 46.01 | J364: 39.28 | K364: 5.42 | L364: 0.24 | M364: =L364*1000 -> 240 | N364: 12.1 | O364: =N364/1000 -> 0.0121 | P364: =O364*18 -> 0.2178 | Q364: =P364/1000 -> 0.0002178 | R364: =Q364*3600 -> 0.78408 | S364: 14.52 | T364: 3.06 | U364: =T364*10000 -> 30600 | V364: -0.78 | W364: -2.06 | X364: =V364-W364 -> 1.28 | Y364: =R364/X364 -> 0.6125625 | Z364: =Y364*U364 -> 18744.412 | AA364: =Y364 * 1000 * 1000 / 18.01528 / 3600 -> 9.4451072 | AB364: =AA364*U364 -> 289020.28
M365: =L365*1000 -> 0 | Z365: =Y365*U365 -> 0 | AA365: =Y365 * 1000 * 1000 / 18.01528 / 3600 -> 0 | AB365: =AA365*U365 -> 0
A366: CCR-COL | B366: 72 | C366: 156 | D366: 43 | E366: am | F366: 45161 | G366: predrought | H366: 42 | I366: 33.14 | J366: 31.93 | K366: 2.61 | L366: 0.18 | M366: =L366*1000 -> 180 | N366: 4.47 | O366: =N366/1000 -> 0.00447 | P366: =O366*18 -> 0.08046 | Q366: =P366/1000 -> 8.046e-05 | R366: =Q366*3600 -> 0.289656 | S366: 18.53 | T366: 3.87 | U366: =T366*10000 -> 38700 | V366: -0.22 | W366: -1.85 | X366: =V366-W366 -> 1.63 | Y366: =R366/X366 -> 0.17770307 | Z366: =Y366*U366 -> 6877.1087 | AA366: =Y366 * 1000 * 1000 / 18.01528 / 3600 -> 2.7400053 | AB366: =AA366*U366 -> 106038.21
A367: CCR-COL | B367: 72 | C367: 156 | D367: 44 | E367: am | F367: 45162 | G367: predrought | H367: 34.1 | I367: 34.51 | J367: 29.81 | K367: 2.33 | L367: 0.26 | M367: =L367*1000 -> 260 | N367: 5.63 | O367: =N367/1000 -> 0.00563 | P367: =O367*18 -> 0.10134 | Q367: =P367/1000 -> 0.00010134 | R367: =Q367*3600 -> 0.364824 | S367: 5.08 | T367: 1.59 | U367: =T367*10000 -> 15900 | V367: -0.27 | W367: -1.87 | X367: =V367-W367 -> 1.6 | Y367: =R367/X367 -> 0.228015 | Z367: =Y367*U367 -> 3625.4385 | AA367: =Y367 * 1000 * 1000 / 18.01528 / 3600 -> 3.5157655 | AB367: =AA367*U367 -> 55900.672
A368: CCR-COL | B368: 72 | C368: 156 | D368: 45 | E368: am | F368: 45161 | G368: predrought | H368: 37.7 | I368: 35.13 | J368: 32.7 | K368: 2.81 | L368: 0.31 | M368: =L368*1000 -> 310 | N368: 8.06 | O368: =N368/1000 -> 0.00806 | P368: =O368*18 -> 0.14508 | Q368: =P368/1000 -> 0.00014508 | R368: =Q368*3600 -> 0.522288 | S368: 13.38 | T368: 3.64 | U368: =T368*10000 -> 36400 | V368: -0.48 | W368: -1.9 | X368: =V368-W368 -> 1.42 | Y368: =R368/X368 -> 0.36780845 | Z368: =Y368*U368 -> 13388.228 | AA368: =Y368 * 1000 * 1000 / 18.01528 / 3600 -> 5.6712421 | AB368: =AA368*U368 -> 206433.21
A369: CCR-COL | B369: 72 | C369: 149 | D369: 46 | E369: am | F369: 45161 | G369: predrought | H369: 40.47 | I369: 33.89 | J369: 31.21 | K369: 2.41 | L369: 0.4 | M369: =L369*1000 -> 400 | N369: 9.04 | O369: =N369/1000 -> 0.00904 | P369: =O369*18 -> 0.16272 | Q369: =P369/1000 -> 0.00016272 | R369: =Q369*3600 -> 0.585792 | S369: 10.99 | T369: 2.05 | U369: =T369*10000 -> 20500 | V369: -0.3 | W369: -2.07 | X369: =V369-W369 -> 1.77 | Y369: =R369/X369 -> 0.33095593 | Z369: =Y369*U369 -> 6784.5966 | AA369: =Y369 * 1000 * 1000 / 18.01528 / 3600 -> 5.1030127 | AB369: =AA369*U369 -> 104611.76
A370: CCR-COL | B370: 72 | C370: 149 | D370: 47 | E370: am | F370: 45162 | G370: predrought | H370: 32.54 | I370: 34.92 | J370: 32.28 | K370: 3.02 | L370: 0.24 | M370: =L370*1000 -> 240 | N370: 6.72 | O370: =N370/1000 -> 0.00672 | P370: =O370*18 -> 0.12096 | Q370: =P370/1000 -> 0.00012096 | R370: =Q370*3600 -> 0.435456 | S370: 10.98 | T370: 2.51 | U370: =T370*10000 -> 25100 | V370: -0.32 | W370: -2.47 | X370: =V370-W370 -> 2.15 | Y370: =R370/X370 -> 0.20253767 | Z370: =Y370*U370 -> 5083.6956 | AA370: =Y370 * 1000 * 1000 / 18.01528 / 3600 -> 3.1229304 | AB370: =AA370*U370 -> 78385.552
A371: CCR-COL | B371: 72 | C371: 149 | D371: 48 | E371: am | F371: 45162 | G371: predrought | H371: 34.06 | I371: 34.04 | J371: 30.02 | K371: 2.43 | L371: 0.2 | M371: =L371*1000 -> 200 | N371: 4.58 | O371: =N371/1000 -> 0.00458 | P371: =O371*18 -> 0.08244 | Q371: =P371/1000 -> 8.244e-05 | R371: =Q371*3600 -> 0.296784 | S371: 17.25 | T371: 2.85 | U371: =T371*10000 -> 28500 | V371: -0.57 | W371: -1.85 | X371: =V371-W371 -> 1.28 | Y371: =R371/X371 -> 0.2318625 | Z371: =Y371*U371 -> 6608.0812 | AA371: =Y371 * 1000 * 1000 / 18.01528 / 3600 -> 3.5750901 | AB371: =AA371*U371 -> 101890.07
A372: CCR-COL | B372: 72 | C372: 152 | D372: 49 | E372: am | F372: 45161 | G372: predrought | H372: 45.6 | I372: 30.72 | J372: 27.64 | K372: 1.69 | L372: 0.43 | M372: =L372*1000 -> 430 | N372: 6.85 | O372: =N372/1000 -> 0.00685 | P372: =O372*18 -> 0.1233 | Q372: =P372/1000 -> 0.0001233 | R372: =Q372*3600 -> 0.44388 | S372: 16.68 | T372: 2.78 | U372: =T372*10000 -> 27800 | V372: -0.44 | W372: -2.09 | X372: =V372-W372 -> 1.65 | Y372: =R372/X372 -> 0.26901818 | Z372: =Y372*U372 -> 7478.7055 | AA372: =Y372 * 1000 * 1000 / 18.01528 / 3600 -> 4.147994 | AB372: =AA372*U372 -> 115314.23
A373: CCR-COL | B373: 72 | C373: 152 | D373: 50 | E373: am | F373: 45162 | G373: predrought | H373: 33.87 | I373: 33.87 | J373: 31.55 | K373: 2.85 | L373: 0.18 | M373: =L373*1000 -> 180 | N373: 4.65 | O373: =N373/1000 -> 0.00465 | P373: =O373*18 -> 0.0837 | Q373: =P373/1000 -> 8.37e-05 | R373: =Q373*3600 -> 0.30132 | S373: 29.47 | T373: 3.96 | U373: =T373*10000 -> 39600 | V373: -0.36 | W373: -1.95 | X373: =V373-W373 -> 1.59 | Y373: =R373/X373 -> 0.18950943 | Z373: =Y373*U373 -> 7504.5736 | AA373: =Y373 * 1000 * 1000 / 18.01528 / 3600 -> 2.9220478 | AB373: =AA373*U373 -> 115713.09
A374: CCR-COL | B374: 72 | C374: 152 | D374: 51 | E374: am | F374: 45162 | G374: predrought | H374: 33.78 | I374: 34.51 | J374: 30.33 | K374: 2.48 | L374: 0.32 | M374: =L374*1000 -> 320 | N374: 7.46 | O374: =N374/1000 -> 0.00746 | P374: =O374*18 -> 0.13428 | Q374: =P374/1000 -> 0.00013428 | R374: =Q374*3600 -> 0.483408 | S374: 11.56 | T374: 1.91 | U374: =T374*10000 -> 19100 | V374: -0.28 | W374: -1.48 | X374: =V374-W374 -> 1.2 | Y374: =R374/X374 -> 0.40284 | Z374: =Y374*U374 -> 7694.244 | AA374: =Y374 * 1000 * 1000 / 18.01528 / 3600 -> 6.2113939 | AB374: =AA374*U374 -> 118637.62
A375: CCR-COL | B375: 72 | C375: 155 | D375: 58 | E375: am | F375: 45162 | G375: predrought | H375: 32.26 | I375: 35.13 | J375: 32.76 | K375: 3.14 | L375: 0.17 | M375: =L375*1000 -> 170 | N375: 5.06 | O375: =N375/1000 -> 0.00506 | P375: =O375*18 -> 0.09108 | Q375: =P375/1000 -> 9.108e-05 | R375: =Q375*3600 -> 0.327888 | S375: 25.14 | T375: 4.53 | U375: =T375*10000 -> 45300 | V375: -0.45 | W375: -2.11 | X375: =V375-W375 -> 1.66 | Y375: =R375/X375 -> 0.19752289 | Z375: =Y375*U375 -> 8947.787 | AA375: =Y375 * 1000 * 1000 / 18.01528 / 3600 -> 3.0456074 | AB375: =AA375*U375 -> 137966.01
A376: CCR-COL | B376: 72 | C376: 155 | D376: 59 | E376: am | F376: 45161 | G376: predrought | H376: 45.09 | I376: 31.42 | J376: 30.74 | K376: 2.35 | L376: 0.1 | M376: =L376*1000 -> 100 | N376: 2.26 | O376: =N376/1000 -> 0.00226 | P376: =O376*18 -> 0.04068 | Q376: =P376/1000 -> 4.068e-05 | R376: =Q376*3600 -> 0.146448 | S376: 16.94 | T376: 3.17 | U376: =T376*10000 -> 31700 | V376: -0.2 | W376: -2.07 | X376: =V376-W376 -> 1.87 | Y376: =R376/X376 -> 0.078314439 | Z376: =Y376*U376 -> 2482.5677 | AA376: =Y376 * 1000 * 1000 / 18.01528 / 3600 -> 1.2075311 | AB376: =AA376*U376 -> 38278.736
A377: CCR-COL | B377: 72 | C377: 155 | D377: 60 | E377: am | F377: 45162 | G377: predrought | H377: 33.19 | I377: 34.72 | J377: 31.96 | K377: 2.91 | L377: 0.13 | M377: =L377*1000 -> 130 | N377: 3.59 | O377: =N377/1000 -> 0.00359 | P377: =O377*18 -> 0.06462 | Q377: =P377/1000 -> 6.462e-05 | R377: =Q377*3600 -> 0.232632 | S377: 22.24 | T377: 4.22 | U377: =T377*10000 -> 42200 | V377: -0.31 | W377: -1.89 | X377: =V377-W377 -> 1.58 | Y377: =R377/X377 -> 0.14723544 | Z377: =Y377*U377 -> 6213.3357 | AA377: =Y377 * 1000 * 1000 / 18.01528 / 3600 -> 2.2702247 | AB377: =AA377*U377 -> 95803.484
... A485: TSZ-SAN | B485: 1212 | C485: 10 | D485: 42 | E485: pm | F485: 45162 | G485: predrought | H485: 20.13 | I485: 42.68 | J485: 38.07 | K485: 4.94 | L485: 0.16 | M485: =L485*1000 -> 160 | N485: 7.47 | O485: =N485/1000 -> 0.00747 | P485: =O485*18 -> 0.13446 | Q485: =P485/1000 -> 0.00013446 | R485: =Q485*3600 -> 0.484056 | S485: 14.52 | T485: 3.06 | U485: =T485*10000 -> 30600 | V485: -0.42 | W485: -1.72 | X485: =V485-W485 -> 1.3 | Y485: =R485/X485 -> 0.37235077 | Z485: =Y485*U485 -> 11393.934 | AA485: =Y485 * 1000 * 1000 / 18.01528 / 3600 -> 5.7412801 | AB485: =AA485*U485 -> 175683.17
M486: =L486*1000 -> 0 | Z486: =Y486*U486 -> 0 | AA486: =Y486 * 1000 * 1000 / 18.01528 / 3600 -> 0 | AB486: =AA486*U486 -> 0
A487: CCR-COL | B487: 72 | C487: 156 | D487: 43 | E487: pm | F487: 45166 | G487: drought | H487: 12.35 | I487: 49.19 | J487: 47.69 | K487: 9.53 | L487: 0.01 | M487: =L487*1000 -> 10 | N487: 1.27 | O487: =N487/1000 -> 0.00127 | P487: =O487*18 -> 0.02286 | Q487: =P487/1000 -> 2.286e-05 | R487: =Q487*3600 -> 0.082296 | S487: 18.53 | T487: 3.87 | U487: =T487*10000 -> 38700 | V487: -0.68 | W487: -2.05 | X487: =V487-W487 -> 1.37 | Y487: =R487/X487 -> 0.060070073 | Z487: =Y487*U487 -> 2324.7118 | AA487: =Y487 * 1000 * 1000 / 18.01528 / 3600 -> 0.92622104 | AB487: =AA487*U487 -> 35844.754
A488: CCR-COL | B488: 72 | C488: 156 | D488: 44 | E488: pm | F488: 45166 | G488: drought | H488: 13.39 | I488: 46.52 | J488: 45.91 | K488: 8.66 | L488: 0 | M488: =L488*1000 -> 0 | N488: 0.4 | O488: =N488/1000 -> 0.0004 | P488: =O488*18 -> 0.0072 | Q488: =P488/1000 -> 7.2e-06 | R488: =Q488*3600 -> 0.02592 | S488: 5.08 | T488: 1.59 | U488: =T488*10000 -> 15900 | V488: -0.57 | W488: -2.46 | X488: =V488-W488 -> 1.89 | Y488: =R488/X488 -> 0.013714286 | Z488: =Y488*U488 -> 218.05714 | AA488: =Y488 * 1000 * 1000 / 18.01528 / 3600 -> 0.2114607 | AB488: =AA488*U488 -> 3362.2252
A489: CCR-COL | B489: 72 | C489: 156 | D489: 45 | E489: pm | F489: 45166 | G489: drought | H489: 12.8 | I489: 48.31 | J489: 47.07 | K489: 9.23 | L489: 0.03 | M489: =L489*1000 -> 30 | N489: 2.13 | O489: =N489/1000 -> 0.00213 | P489: =O489*18 -> 0.03834 | Q489: =P489/1000 -> 3.834e-05 | R489: =Q489*3600 -> 0.138024 | S489: 13.38 | T489: 3.64 | U489: =T489*10000 -> 36400 | V489: -0.57 | W489: -1.73 | X489: =V489-W489 -> 1.16 | Y489: =R489/X489 -> 0.11898621 | Z489: =Y489*U489 -> 4331.0979 | AA489: =Y489 * 1000 * 1000 / 18.01528 / 3600 -> 1.8346495 | AB489: =AA489*U489 -> 66781.241
A490: CCR-COL | B490: 72 | C490: 149 | D490: 46 | E490: pm | F490: 45166 | G490: drought | H490: 12.87 | I490: 49.12 | J490: 48.46 | K490: 9.91 | L490: 0.02 | M490: =L490*1000 -> 20 | N490: 1.69 | O490: =N490/1000 -> 0.00169 | P490: =O490*18 -> 0.03042 | Q490: =P490/1000 -> 3.042e-05 | R490: =Q490*3600 -> 0.109512 | S490: 10.99 | T490: 2.05 | U490: =T490*10000 -> 20500 | V490: -0.76 | W490: -2.12 | X490: =V490-W490 -> 1.36 | Y490: =R490/X490 -> 0.080523529 | Z490: =Y490*U490 -> 1650.7324 | AA490: =Y490 * 1000 * 1000 / 18.01528 / 3600 -> 1.2415931 | AB490: =AA490*U490 -> 25452.658
A491: CCR-COL | B491: 72 | C491: 149 | D491: 47 | E491: pm | F491: 45166 | G491: drought | H491: 12.7 | I491: 47.99 | J491: 47.24 | K491: 9.33 | L491: 0.01 | M491: =L491*1000 -> 10 | N491: 1.07 | O491: =N491/1000 -> 0.00107 | P491: =O491*18 -> 0.01926 | Q491: =P491/1000 -> 1.926e-05 | R491: =Q491*3600 -> 0.069336 | S491: 10.98 | T491: 2.51 | U491: =T491*10000 -> 25100 | V491: -0.83 | W491: -1.86 | X491: =V491-W491 -> 1.03 | Y491: =R491/X491 -> 0.067316505 | Z491: =Y491*U491 -> 1689.6443 | AA491: =Y491 * 1000 * 1000 / 18.01528 / 3600 -> 1.0379538 | AB491: =AA491*U491 -> 26052.641
A492: CCR-COL | B492: 72 | C492: 149 | D492: 48 | E492: pm | F492: 45166 | G492: drought | H492: 13.64 | I492: 47 | J492: 45.37 | K492: 8.32 | L492: 0.02 | M492: =L492*1000 -> 20 | N492: 1.64 | O492: =N492/1000 -> 0.00164 | P492: =O492*18 -> 0.02952 | Q492: =P492/1000 -> 2.952e-05 | R492: =Q492*3600 -> 0.106272 | S492: 17.25 | T492: 2.85 | U492: =T492*10000 -> 28500 | V492: -1.1 | W492: -2.09 | X492: =V492-W492 -> 0.99 | Y492: =R492/X492 -> 0.10734545 | Z492: =Y492*U492 -> 3059.3455 | AA492: =Y492 * 1000 * 1000 / 18.01528 / 3600 -> 1.6551606 | AB492: =AA492*U492 -> 47172.077
A493: CCR-COL | B493: 72 | C493: 152 | D493: 49 | E493: pm | F493: 45166 | G493: drought | H493: 15.23 | I493: 46.49 | J493: 44.79 | K493: 7.91 | L493: 0.04 | M493: =L493*1000 -> 40 | N493: 3.05 | O493: =N493/1000 -> 0.00305 | P493: =O493*18 -> 0.0549 | Q493: =P493/1000 -> 5.49e-05 | R493: =Q493*3600 -> 0.19764 | S493: 16.68 | T493: 2.78 | U493: =T493*10000 -> 27800 | V493: -0.72 | W493: -1.77 | X493: =V493-W493 -> 1.05 | Y493: =R493/X493 -> 0.18822857 | Z493: =Y493*U493 -> 5232.7543 | AA493: =Y493 * 1000 * 1000 / 18.01528 / 3600 -> 2.9022982 | AB493: =AA493*U493 -> 80683.889
A494: CCR-COL | B494: 72 | C494: 152 | D494: 50 | E494: pm | F494: 45166 | G494: drought | H494: 13.01 | I494: 47.59 | J494: 45.27 | K494: 8.31 | L494: 0.03 | M494: =L494*1000 -> 30 | N494: 2.3 | O494: =N494/1000 -> 0.0023 | P494: =O494*18 -> 0.0414 | Q494: =P494/1000 -> 4.14e-05 | R494: =Q494*3600 -> 0.14904 | S494: 29.47 | T494: 3.96 | U494: =T494*10000 -> 39600 | V494: -0.74 | W494: -2.03 | X494: =V494-W494 -> 1.29 | Y494: =R494/X494 -> 0.11553488 | Z494: =Y494*U494 -> 4575.1814 | AA494: =Y494 * 1000 * 1000 / 18.01528 / 3600 -> 1.7814335 | AB494: =AA494*U494 -> 70544.766
A495: CCR-COL | B495: 72 | C495: 152 | D495: 51 | E495: pm | F495: 45166 | G495: drought | H495: 14.41 | I495: 46.52 | J495: 42.39 | K495: 6.91 | L495: 0.07 | M495: =L495*1000 -> 70 | N495: 4.12 | O495: =N495/1000 -> 0.00412 | P495: =O495*18 -> 0.07416 | Q495: =P495/1000 -> 7.416e-05 | R495: =Q495*3600 -> 0.266976 | S495: 11.56 | T495: 1.91 | U495: =T495*10000 -> 19100 | V495: -0.5 | W495: -2.2 | X495: =V495-W495 -> 1.7 | Y495: =R495/X495 -> 0.15704471 | Z495: =Y495*U495 -> 2999.5539 | AA495: =Y495 * 1000 * 1000 / 18.01528 / 3600 -> 2.4214738 | AB495: =AA495*U495 -> 46250.151
A496: CCR-COL | B496: 72 | C496: 155 | D496: 58 | E496: pm | F496: 45166 | G496: drought | H496: 13.13 | I496: 47.96 | J496: 46.37 | K496: 8.82 | L496: 0.03 | M496: =L496*1000 -> 30 | N496: 2.43 | O496: =N496/1000 -> 0.00243 | P496: =O496*18 -> 0.04374 | Q496: =P496/1000 -> 4.374e-05 | R496: =Q496*3600 -> 0.157464 | S496: 25.14 | T496: 4.53 | U496: =T496*10000 -> 45300 | V496: -0.82 | W496: -1.98 | X496: =V496-W496 -> 1.16 | Y496: =R496/X496 -> 0.13574483 | Z496: =Y496*U496 -> 6149.2407 | AA496: =Y496 * 1000 * 1000 / 18.01528 / 3600 -> 2.0930508 | AB496: =AA496*U496 -> 94815.202
A497: CCR-COL | B497: 72 | C497: 155 | D497: 59 | E497: pm | F497: 45166 | G497: drought | H497: 14.47 | I497: 47.36 | J497: 46.85 | K497: 8.97 | L497: 0.02 | M497: =L497*1000 -> 20 | N497: 1.82 | O497: =N497/1000 -> 0.00182 | P497: =O497*18 -> 0.03276 | Q497: =P497/1000 -> 3.276e-05 | R497: =Q497*3600 -> 0.117936 | S497: 16.94 | T497: 3.17 | U497: =T497*10000 -> 31700 | V497: -0.73 | W497: -1.89 | X497: =V497-W497 -> 1.16 | Y497: =R497/X497 -> 0.10166897 | Z497: =Y497*U497 -> 3222.9062 | AA497: =Y497 * 1000 * 1000 / 18.01528 / 3600 -> 1.5676348 | AB497: =AA497*U497 -> 49694.022
A498: CCR-COL | B498: 72 | C498: 155 | D498: 60 | E498: pm | F498: 45166 | G498: drought | H498: 13.05 | I498: 47.82 | J498: 45.93 | K498: 8.62 | L498: 0.01 | M498: =L498*1000 -> 10 | N498: 1.07 | O498: =N498/1000 -> 0.00107 | P498: =O498*18 -> 0.01926 | Q498: =P498/1000 -> 1.926e-05 | R498: =Q498*3600 -> 0.069336 | S498: 22.24 | T498: 4.22 | U498: =T498*10000 -> 42200 | V498: -0.64 | W498: -2 | X498: =V498-W498 -> 1.36 | Y498: =R498/X498 -> 0.050982353 | Z498: =Y498*U498 -> 2151.4553 | AA498: =Y498 * 1000 * 1000 / 18.01528 / 3600 -> 0.7860974 | AB498: =AA498*U498 -> 33173.31
... A546: TSZ-SAN | B546: 1212 | C546: 10 | D546: 42 | E546: pm | F546: 45166 | G546: drought | H546: 13.75 | I546: 46.74 | J546: 43.44 | K546: 7.4 | L546: 0.06 | M546: =L546*1000 -> 60 | N546: 3.88 | O546: =N546/1000 -> 0.00388 | P546: =O546*18 -> 0.06984 | Q546: =P546/1000 -> 6.984e-05 | R546: =Q546*3600 -> 0.251424 | S546: 14.52 | T546: 3.06 | U546: =T546*10000 -> 30600 | V546: -1.54 | W546: -1.86 | X546: =V546-W546 -> 0.32 | Y546: =R546/X546 -> 0.7857 | Z546: =Y546*U546 -> 24042.42 | AA546: =Y546 * 1000 * 1000 / 18.01528 / 3600 -> 12.114716 | AB546: =AA546*U546 -> 370710.31
M547: =L547*1000 -> 0 | Z547: =Y547*U547 -> 0 | AA547: =Y547 * 1000 * 1000 / 18.01528 / 3600 -> 0 | AB547: =AA547*U547 -> 0
A548: CCR-COL | B548: 72 | C548: 156 | D548: 43 | E548: am | F548: 45175 | G548: postdrought | H548: 25.38 | I548: 30.53 | J548: 27.15 | K548: 2.49 | L548: 0.18 | M548: =L548*1000 -> 180 | N548: 4.19 | O548: =N548/1000 -> 0.00419 | P548: =O548*18 -> 0.07542 | Q548: =P548/1000 -> 7.542e-05 | R548: =Q548*3600 -> 0.271512 | S548: 17.37 | T548: 2.1 | U548: =T548*10000 -> 21000 | V548: -0.69 | W548: -2.51 | X548: =V548-W548 -> 1.82 | Y548: =R548/X548 -> 0.14918242 | Z548: =Y548*U548 -> 3132.8308 | AA548: =Y548 * 1000 * 1000 / 18.01528 / 3600 -> 2.3002451 | AB548: =AA548*U548 -> 48305.148
A549: CCR-COL | B549: 72 | C549: 156 | D549: 44 | E549: am | F549: 45176 | G549: postdrought | H549: 17.64 | I549: 35.61 | J549: 33.21 | K549: 4.08 | L549: 0.11 | M549: =L549*1000 -> 110 | N549: 4.3 | O549: =N549/1000 -> 0.0043 | P549: =O549*18 -> 0.0774 | Q549: =P549/1000 -> 7.74e-05 | R549: =Q549*3600 -> 0.27864 | S549: 12.19 | T549: 2.64 | U549: =T549*10000 -> 26400 | V549: -0.29 | W549: -2.01 | X549: =V549-W549 -> 1.72 | Y549: =R549/X549 -> 0.162 | Z549: =Y549*U549 -> 4276.8 | AA549: =Y549 * 1000 * 1000 / 18.01528 / 3600 -> 2.4978796 | AB549: =AA549*U549 -> 65944.021
A550: CCR-COL | B550: 72 | C550: 156 | D550: 45 | E550: am | F550: 45175 | G550: postdrought | H550: 22.27 | I550: 31.61 | J550: 30.21 | K550: 3.26 | L550: 0.09 | M550: =L550*1000 -> 90 | N550: 2.65 | O550: =N550/1000 -> 0.00265 | P550: =O550*18 -> 0.0477 | Q550: =P550/1000 -> 4.77e-05 | R550: =Q550*3600 -> 0.17172 | S550: 9.84 | T550: 1.55 | U550: =T550*10000 -> 15500 | V550: -0.34 | W550: -1.78 | X550: =V550-W550 -> 1.44 | Y550: =R550/X550 -> 0.11925 | Z550: =Y550*U550 -> 1848.375 | AA550: =Y550 * 1000 * 1000 / 18.01528 / 3600 -> 1.8387169 | AB550: =AA550*U550 -> 28500.112
A551: CCR-COL | B551: 72 | C551: 149 | D551: 46 | E551: am | F551: 45175 | G551: postdrought | H551: 23.5 | I551: 30.84 | J551: 28.32 | K551: 2.81 | L551: 0.12 | M551: =L551*1000 -> 120 | N551: 3.12 | O551: =N551/1000 -> 0.00312 | P551: =O551*18 -> 0.05616 | Q551: =P551/1000 -> 5.616e-05 | R551: =Q551*3600 -> 0.202176 | S551: 11.24 | T551: 1.25 | U551: =T551*10000 -> 12500 | V551: -0.44 | W551: -1.92 | X551: =V551-W551 -> 1.48 | Y551: =R551/X551 -> 0.13660541 | Z551: =Y551*U551 -> 1707.5676 | AA551: =Y551 * 1000 * 1000 / 18.01528 / 3600 -> 2.1063201 | AB551: =AA551*U551 -> 26329.001
A552: CCR-COL | B552: 72 | C552: 149 | D552: 47 | E552: am | F552: 45176 | G552: postdrought | H552: 22.63 | I552: 31.13 | J552: 29.81 | K552: 3.17 | L552: 0.17 | M552: =L552*1000 -> 170 | N552: 5.17 | O552: =N552/1000 -> 0.00517 | P552: =O552*18 -> 0.09306 | Q552: =P552/1000 -> 9.306e-05 | R552: =Q552*3600 -> 0.335016 | S552: 20.43 | T552: 2.53 | U552: =T552*10000 -> 25300 | V552: -0.28 | W552: -2.39 | X552: =V552-W552 -> 2.11 | Y552: =R552/X552 -> 0.15877536 | Z552: =Y552*U552 -> 4017.0165 | AA552: =Y552 * 1000 * 1000 / 18.01528 / 3600 -> 2.4481588 | AB552: =AA552*U552 -> 61938.416
A553: CCR-COL | B553: 72 | C553: 149 | D553: 48 | E553: am | F553: 45176 | G553: postdrought | H553: 19.47 | I553: 33.09 | J553: 31.78 | K553: 3.73 | L553: 0.1 | M553: =L553*1000 -> 100 | N553: 3.36 | O553: =N553/1000 -> 0.00336 | P553: =O553*18 -> 0.06048 | Q553: =P553/1000 -> 6.048e-05 | R553: =Q553*3600 -> 0.217728 | S553: 21.78 | T553: 2.31 | U553: =T553*10000 -> 23100 | V553: -0.32 | W553: -2.55 | X553: =V553-W553 -> 2.23 | Y553: =R553/X553 -> 0.097635874 | Z553: =Y553*U553 -> 2255.3887 | AA553: =Y553 * 1000 * 1000 / 18.01528 / 3600 -> 1.5054485 | AB553: =AA553*U553 -> 34775.86
A554: CCR-COL | B554: 72 | C554: 152 | D554: 49 | E554: am | F554: 45175 | G554: postdrought | H554: 25.42 | I554: 29.19 | J554: 24.52 | K554: 2.05 | L554: 0.35 | M554: =L554*1000 -> 350 | N554: 6.68 | O554: =N554/1000 -> 0.00668 | P554: =O554*18 -> 0.12024 | Q554: =P554/1000 -> 0.00012024 | R554: =Q554*3600 -> 0.432864 | S554: 27.89 | T554: 2.35 | U554: =T554*10000 -> 23500 | V554: -0.62 | W554: -2.54 | X554: =V554-W554 -> 1.92 | Y554: =R554/X554 -> 0.22545 | Z554: =Y554*U554 -> 5298.075 | AA554: =Y554 * 1000 * 1000 / 18.01528 / 3600 -> 3.4762157 | AB554: =AA554*U554 -> 81691.07
A555: CCR-COL | B555: 72 | C555: 152 | D555: 50 | E555: am | F555: 45176 | G555: postdrought | H555: 22.93 | I555: 31.69 | J555: 28.84 | K555: 2.92 | L555: 0.25 | M555: =L555*1000 -> 250 | N555: 6.44 | O555: =N555/1000 -> 0.00644 | P555: =O555*18 -> 0.11592 | Q555: =P555/1000 -> 0.00011592 | R555: =Q555*3600 -> 0.417312 | S555: 25.57 | T555: 2.29 | U555: =T555*10000 -> 22900 | V555: -0.34 | W555: -2.48 | X555: =V555-W555 -> 2.14 | Y555: =R555/X555 -> 0.19500561 | Z555: =Y555*U555 -> 4465.6284 | AA555: =Y555 * 1000 * 1000 / 18.01528 / 3600 -> 3.0067934 | AB555: =AA555*U555 -> 68855.568
A556: CCR-COL | B556: 72 | C556: 152 | D556: 51 | E556: am | F556: 45176 | G556: postdrought | H556: 18.45 | I556: 35.78 | J556: 30.67 | K556: 3.34 | L556: 0.38 | M556: =L556*1000 -> 380 | N556: 11.6 | O556: =N556/1000 -> 0.0116 | P556: =O556*18 -> 0.2088 | Q556: =P556/1000 -> 0.0002088 | R556: =Q556*3600 -> 0.75168 | S556: 18.57 | T556: 1.84 | U556: =T556*10000 -> 18400 | V556: -0.4 | W556: -2.52 | X556: =V556-W556 -> 2.12 | Y556: =R556/X556 -> 0.35456604 | Z556: =Y556*U556 -> 6524.0151 | AA556: =Y556 * 1000 * 1000 / 18.01528 / 3600 -> 5.4670572 | AB556: =AA556*U556 -> 100593.85
A557: CCR-COL | B557: 72 | C557: 155 | D557: 58 | E557: am | F557: 45176 | G557: postdrought | H557: 22.52 | I557: 31.28 | J557: 29.16 | K557: 3.04 | L557: 0.16 | M557: =L557*1000 -> 160 | N557: 4.15 | O557: =N557/1000 -> 0.00415 | P557: =O557*18 -> 0.0747 | Q557: =P557/1000 -> 7.47e-05 | R557: =Q557*3600 -> 0.26892 | S557: 4.11 | T557: 0.5 | U557: =T557*10000 -> 5000 | V557: -0.4 | W557: -2.41 | X557: =V557-W557 -> 2.01 | Y557: =R557/X557 -> 0.13379104 | Z557: =Y557*U557 -> 668.95522 | AA557: =Y557 * 1000 * 1000 / 18.01528 / 3600 -> 2.0629254 | AB557: =AA557*U557 -> 10314.627
A558: CCR-COL | B558: 72 | C558: 155 | D558: 59 | E558: am | F558: 45175 | G558: postdrought | H558: 25.53 | I558: 29.51 | J558: 28.15 | K558: 2.76 | L558: 0.09 | M558: =L558*1000 -> 90 | N558: 2.33 | O558: =N558/1000 -> 0.00233 | P558: =O558*18 -> 0.04194 | Q558: =P558/1000 -> 4.194e-05 | R558: =Q558*3600 -> 0.150984 | S558: 22.47 | T558: 2.37 | U558: =T558*10000 -> 23700 | V558: -0.53 | W558: -2.22 | X558: =V558-W558 -> 1.69 | Y558: =R558/X558 -> 0.089339645 | Z558: =Y558*U558 -> 2117.3496 | AA558: =Y558 * 1000 * 1000 / 18.01528 / 3600 -> 1.3775289 | AB558: =AA558*U558 -> 32647.434
A559: CCR-COL | B559: 72 | C559: 155 | D559: 60 | E559: am | F559: 45176 | G559: postdrought | H559: 22.9 | I559: 30.89 | J559: 30.12 | K559: 3.25 | L559: 0.05 | M559: =L559*1000 -> 50 | N559: 1.6 | O559: =N559/1000 -> 0.0016 | P559: =O559*18 -> 0.0288 | Q559: =P559/1000 -> 2.88e-05 | R559: =Q559*3600 -> 0.10368 | S559: 10.28 | T559: 1.13 | U559: =T559*10000 -> 11300 | V559: -0.25 | W559: -2.03 | X559: =V559-W559 -> 1.78 | Y559: =R559/X559 -> 0.058247191 | Z559: =Y559*U559 -> 658.19326 | AA559: =Y559 * 1000 * 1000 / 18.01528 / 3600 -> 0.89811401 | AB559: =AA559*U559 -> 10148.688
... A667: TSZ-SAN | B667: 1212 | C667: 10 | D667: 42 | E667: pm | F667: 45178 | G667: postdrought | H667: 9.9 | I667: 46.14 | J667: 42.33 | K667: 7.34 | L667: 0.08 | M667: =L667*1000 -> 80 | N667: 5.86 | O667: =N667/1000 -> 0.00586 | P667: =O667*18 -> 0.10548 | Q667: =P667/1000 -> 0.00010548 | R667: =Q667*3600 -> 0.379728 | S667: 2.74 | T667: 0.32 | U667: =T667*10000 -> 3200 | V667: -0.3 | W667: -1.82 | X667: =V667-W667 -> 1.52 | Y667: =R667/X667 -> 0.24982105 | Z667: =Y667*U667 -> 799.42737 | AA667: =Y667 * 1000 * 1000 / 18.01528 / 3600 -> 3.8519932 | AB667: =AA667*U667 -> 12326.378
M668: =L668*1000 -> 0 | Z668: =Y668*U668 -> 0 | AA668: =Y668 * 1000 * 1000 / 18.01528 / 3600 -> 0 | AB668: =AA668*U668 -> 0
A669: CCR-COL | B669: 72 | C669: 156 | D669: 43 | E669: am | F669: 45190 | G669: postdrought | H669: 20.91 | I669: 30.24 | J669: 29.3 | K669: 3.18 | L669: 0.16 | M669: =L669*1000 -> 160 | N669: 4.81 | O669: =N669/1000 -> 0.00481 | P669: =O669*18 -> 0.08658 | Q669: =P669/1000 -> 8.658e-05 | R669: =Q669*3600 -> 0.311688 | S669: 17.37 | T669: 2.1 | U669: =T669*10000 -> 21000 | V669: -0.52 | W669: -1.85 | X669: =V669-W669 -> 1.33 | Y669: =R669/X669 -> 0.23435188 | Z669: =Y669*U669 -> 4921.3895 | AA669: =Y669 * 1000 * 1000 / 18.01528 / 3600 -> 3.6134739 | AB669: =AA669*U669 -> 75882.952
A670: CCR-COL | B670: 72 | C670: 156 | D670: 44 | E670: am | F670: 45191 | G670: postdrought | H670: 22.34 | I670: 31.68 | J670: 31.13 | K670: 3.49 | L670: 0.12 | M670: =L670*1000 -> 120 | N670: 3.67 | O670: =N670/1000 -> 0.00367 | P670: =O670*18 -> 0.06606 | Q670: =P670/1000 -> 6.606e-05 | R670: =Q670*3600 -> 0.237816 | S670: 12.19 | T670: 2.64 | U670: =T670*10000 -> 26400 | V670: -0.45 | W670: -1.76 | X670: =V670-W670 -> 1.31 | Y670: =R670/X670 -> 0.18153893 | Z670: =Y670*U670 -> 4792.6278 | AA670: =Y670 * 1000 * 1000 / 18.01528 / 3600 -> 2.7991505 | AB670: =AA670*U670 -> 73897.575
A671: CCR-COL | B671: 72 | C671: 156 | D671: 45 | E671: am | F671: 45190 | G671: postdrought | H671: 17.84 | I671: 31.62 | J671: 29.84 | K671: 3.39 | L671: 0.12 | M671: =L671*1000 -> 120 | N671: 3.63 | O671: =N671/1000 -> 0.00363 | P671: =O671*18 -> 0.06534 | Q671: =P671/1000 -> 6.534e-05 | R671: =Q671*3600 -> 0.235224 | S671: 9.84 | T671: 1.55 | U671: =T671*10000 -> 15500 | V671: -0.48 | W671: -2.09 | X671: =V671-W671 -> 1.61 | Y671: =R671/X671 -> 0.14610186 | Z671: =Y671*U671 -> 2264.5789 | AA671: =Y671 * 1000 * 1000 / 18.01528 / 3600 -> 2.2527461 | AB671: =AA671*U671 -> 34917.564
A672: CCR-COL | B672: 72 | C672: 149 | D672: 46 | E672: am | F672: 45190 | G672: postdrought | H672: 18.24 | I672: 30.63 | J672: 27.93 | K672: 2.98 | L672: 0.2 | M672: =L672*1000 -> 200 | N672: 5.43 | O672: =N672/1000 -> 0.00543 | P672: =O672*18 -> 0.09774 | Q672: =P672/1000 -> 9.774e-05 | R672: =Q672*3600 -> 0.351864 | S672: 11.24 | T672: 1.25 | U672: =T672*10000 -> 12500 | V672: -0.4 | W672: -1.99 | X672: =V672-W672 -> 1.59 | Y672: =R672/X672 -> 0.22129811 | Z672: =Y672*U672 -> 2766.2264 | AA672: =Y672 * 1000 * 1000 / 18.01528 / 3600 -> 3.4121978 | AB672: =AA672*U672 -> 42652.472
A673: CCR-COL | B673: 72 | C673: 149 | D673: 47 | E673: am | F673: 45191 | G673: postdrought | H673: 36.03 | I673: 25.78 | J673: 23.16 | K673: 1.64 | L673: 0.18 | M673: =L673*1000 -> 180 | N673: 2.82 | O673: =N673/1000 -> 0.00282 | P673: =O673*18 -> 0.05076 | Q673: =P673/1000 -> 5.076e-05 | R673: =Q673*3600 -> 0.182736 | S673: 20.43 | T673: 2.53 | U673: =T673*10000 -> 25300 | V673: -0.36 | W673: -2.3 | X673: =V673-W673 -> 1.94 | Y673: =R673/X673 -> 0.094193814 | Z673: =Y673*U673 -> 2383.1035 | AA673: =Y673 * 1000 * 1000 / 18.01528 / 3600 -> 1.4523753 | AB673: =AA673*U673 -> 36745.096
A674: CCR-COL | B674: 72 | C674: 149 | D674: 48 | E674: am | F674: 45191 | G674: postdrought | H674: 29.93 | I674: 29.62 | J674: 28.71 | K674: 2.72 | L674: 0.18 | M674: =L674*1000 -> 180 | N674: 4.13 | O674: =N674/1000 -> 0.00413 | P674: =O674*18 -> 0.07434 | Q674: =P674/1000 -> 7.434e-05 | R674: =Q674*3600 -> 0.267624 | S674: 21.78 | T674: 2.31 | U674: =T674*10000 -> 23100 | V674: -0.89 | W674: -1.65 | X674: =V674-W674 -> 0.76 | Y674: =R674/X674 -> 0.35213684 | Z674: =Y674*U674 -> 8134.3611 | AA674: =Y674 * 1000 * 1000 / 18.01528 / 3600 -> 5.4296014 | AB674: =AA674*U674 -> 125423.79
A675: CCR-COL | B675: 72 | C675: 152 | D675: 49 | E675: am | F675: 45190 | G675: postdrought | H675: 20.82 | I675: 28.62 | J675: 25.03 | K675: 2.36 | L675: 0.37 | M675: =L675*1000 -> 370 | N675: 8.22 | O675: =N675/1000 -> 0.00822 | P675: =O675*18 -> 0.14796 | Q675: =P675/1000 -> 0.00014796 | R675: =Q675*3600 -> 0.532656 | S675: 27.89 | T675: 2.35 | U675: =T675*10000 -> 23500 | V675: -0.33 | W675: -2.24 | X675: =V675-W675 -> 1.91 | Y675: =R675/X675 -> 0.27887749 | Z675: =Y675*U675 -> 6553.6209 | AA675: =Y675 * 1000 * 1000 / 18.01528 / 3600 -> 4.3000147 | AB675: =AA675*U675 -> 101050.35
A676: CCR-COL | B676: 72 | C676: 152 | D676: 50 | E676: am | F676: 45191 | G676: postdrought | H676: 33.11 | I676: 27.73 | J676: 25.65 | K676: 2.07 | L676: 0.26 | M676: =L676*1000 -> 260 | N676: 4.97 | O676: =N676/1000 -> 0.00497 | P676: =O676*18 -> 0.08946 | Q676: =P676/1000 -> 8.946e-05 | R676: =Q676*3600 -> 0.322056 | S676: 25.57 | T676: 2.29 | U676: =T676*10000 -> 22900 | V676: -0.33 | W676: -1.38 | X676: =V676-W676 -> 1.05 | Y676: =R676/X676 -> 0.30672 | Z676: =Y676*U676 -> 7023.888 | AA676: =Y676 * 1000 * 1000 / 18.01528 / 3600 -> 4.7293187 | AB676: =AA676*U676 -> 108301.4
A677: CCR-COL | B677: 72 | C677: 152 | D677: 51 | E677: am | F677: 45191 | G677: postdrought | H677: 23.12 | I677: 31.9 | J677: 28.32 | K677: 2.76 | L677: 0.41 | M677: =L677*1000 -> 410 | N677: 10.7 | O677: =N677/1000 -> 0.0107 | P677: =O677*18 -> 0.1926 | Q677: =P677/1000 -> 0.0001926 | R677: =Q677*3600 -> 0.69336 | S677: 18.57 | T677: 1.84 | U677: =T677*10000 -> 18400 | V677: -0.67 | W677: -1.61 | X677: =V677-W677 -> 0.94 | Y677: =R677/X677 -> 0.73761702 | Z677: =Y677*U677 -> 13572.153 | AA677: =Y677 * 1000 * 1000 / 18.01528 / 3600 -> 11.373324 | AB677: =AA677*U677 -> 209269.16
A678: CCR-COL | B678: 72 | C678: 155 | D678: 58 | E678: am | F678: 45191 | G678: postdrought | H678: 34.78 | I678: 25.81 | J678: 22.73 | K678: 1.61 | L678: 0.27 | M678: =L678*1000 -> 270 | N678: 4.12 | O678: =N678/1000 -> 0.00412 | P678: =O678*18 -> 0.07416 | Q678: =P678/1000 -> 7.416e-05 | R678: =Q678*3600 -> 0.266976 | S678: 4.11 | T678: 0.5 | U678: =T678*10000 -> 5000 | V678: -0.34 | W678: -2.08 | X678: =V678-W678 -> 1.74 | Y678: =R678/X678 -> 0.15343448 | Z678: =Y678*U678 -> 767.17241 | AA678: =Y678 * 1000 * 1000 / 18.01528 / 3600 -> 2.3658078 | AB678: =AA678*U678 -> 11829.039
A679: CCR-COL | B679: 72 | C679: 155 | D679: 59 | E679: am | F679: 45190 | G679: postdrought | H679: 20.33 | I679: 28.67 | J679: 25.37 | K679: 2.44 | L679: 0.33 | M679: =L679*1000 -> 330 | N679: 7.63 | O679: =N679/1000 -> 0.00763 | P679: =O679*18 -> 0.13734 | Q679: =P679/1000 -> 0.00013734 | R679: =Q679*3600 -> 0.494424 | S679: 22.47 | T679: 2.37 | U679: =T679*10000 -> 23700 | V679: -0.82 | W679: -2.05 | X679: =V679-W679 -> 1.23 | Y679: =R679/X679 -> 0.40197073 | Z679: =Y679*U679 -> 9526.7063 | AA679: =Y679 * 1000 * 1000 / 18.01528 / 3600 -> 6.1979906 | AB679: =AA679*U679 -> 146892.38
A680: CCR-COL | B680: 72 | C680: 155 | D680: 60 | E680: am | F680: 45191 | G680: postdrought | H680: 34.86 | I680: 25.83 | J680: 23.2 | K680: 1.68 | L680: 0.2 | M680: =L680*1000 -> 200 | N680: 3.16 | O680: =N680/1000 -> 0.00316 | P680: =O680*18 -> 0.05688 | Q680: =P680/1000 -> 5.688e-05 | R680: =Q680*3600 -> 0.204768 | S680: 10.28 | T680: 1.13 | U680: =T680*10000 -> 11300 | V680: -0.45 | W680: -1.24 | X680: =V680-W680 -> 0.79 | Y680: =R680/X680 -> 0.2592 | Z680: =Y680*U680 -> 2928.96 | AA680: =Y680 * 1000 * 1000 / 18.01528 / 3600 -> 3.9966073 | AB680: =AA680*U680 -> 45161.663
... A788: TSZ-SAN | B788: 1212 | C788: 10 | D788: 42 | E788: pm | F788: 45190 | G788: postdrought | H788: 11.95 | I788: 38.44 | J788: 33.46 | K788: 4.36 | L788: 0.16 | M788: =L788*1000 -> 160 | N788: 6.64 | O788: =N788/1000 -> 0.00664 | P788: =O788*18 -> 0.11952 | Q788: =P788/1000 -> 0.00011952 | R788: =Q788*3600 -> 0.430272 | S788: 2.74 | T788: 0.32 | U788: =T788*10000 -> 3200 | V788: -0.46 | W788: -1.47 | X788: =V788-W788 -> 1.01 | Y788: =R788/X788 -> 0.42601188 | Z788: =Y788*U788 -> 1363.238 | AA788: =Y788 * 1000 * 1000 / 18.01528 / 3600 -> 6.5686813 | AB788: =AA788*U788 -> 21019.78

Sheet One time measurements
A1: population | B1: elevation | C1: genotype | D1: Replicate # | E1: SLA (mm2 mg-1) | F1: Rooting depth (cm) | G1: Tree height (m)* | H1: Pre drought BA (mm2) | I1: Pre drought BA (m^2) | J1: Post drought BA (mm2) | K1: Ground area (mm2) | L1: Ground area (m^2) | M1: Ground area (ha) | N1: Pre drought Ab:Ag-1 (mm2 mm-2) | O1: Pre drought Ab:Ag-1 (m2 ha-1) | P1: Post drought Ab:Ag-1 (mm2 mm-2) | Q1: Mean leaf width (cm) | R1: Predrought Anet umol m-2 s-1 | S1: Postdrought Anet umol m-2 s-1 | T1: Pre drought Vcmax | U1: Post drought Vcmax | V1: Pre drought jmax | W1: Post drought jmax | X1: Ar (m2) | Y1: Al:Ar (m2 m-2) | Z1: A_l (m^2)
A2: CCR-COL | B2: 72 | C2: 156 | D2: 43 | E2: 8.66 | F2: 27.73 | G2: 1.58 | H2: 479 | I2: =H2/1000000 -> 0.000479 | J2: 827 | K2: 114010 | L2: =K2/1000000 -> 0.11401 | M2: =K2/10000000000 -> 1.1401e-05 | N2: =H2/K2 -> 0.0042013858 | O2: =I2/M2 -> 42.013858 | P2: =J2/K2 -> 0.0072537497 | Q2: 3.885 | R2: 16.178569 | S2: 30.524653 | T2: 67.450591 | U2: 116.61954 | V2: 137.23727 | W2: 240.84449
A3: CCR-COL | B3: 72 | C3: 156 | D3: 44 | E3: 7.83 | F3: 27.73 | G3: 1.64 | H3: 320 | I3: =H3/1000000 -> 0.00032 | J3: 462 | K3: 114010 | L3: =K3/1000000 -> 0.11401 | M3: =K3/10000000000 -> 1.1401e-05 | N3: =H3/K3 -> 0.0028067713 | O3: =I3/M3 -> 28.067713 | P3: =J3/K3 -> 0.0040522761 | Q3: 3.416 | R3: 28.600637 | S3: 25.885301 | T3: 108.988 | U3: 104.89891 | V3: 258.59366 | W3: 229.24093 | X3: 2.89 | Y3: 4.22 | Z3: =Y3*X3 -> 12.1958
A4: CCR-COL | B4: 72 | C4: 156 | D4: 45 | E4: 6.06 | F4: 27.73 | G4: 1.56 | H4: 368 | I4: =H4/1000000 -> 0.000368 | J4: 633 | K4: 114010 | L4: =K4/1000000 -> 0.11401 | M4: =K4/10000000000 -> 1.1401e-05 | N4: =H4/K4 -> 0.003227787 | O4: =I4/M4 -> 32.27787 | P4: =J4/K4 -> 0.0055521445 | Q4: 3.645 | R4: 28.719757 | S4: 28.022467 | T4: 112.73838 | U4: 110.3865 | V4: 288.63489 | W4: 234.18904
A5: CCR-COL | B5: 72 | C5: 149 | D5: 46 | E5: 7.48 | F5: 27.73 | G5: 2.05 | H5: 537 | I5: =H5/1000000 -> 0.000537 | J5: 897 | K5: 114010 | L5: =K5/1000000 -> 0.11401 | M5: =K5/10000000000 -> 1.1401e-05 | N5: =H5/K5 -> 0.0047101131 | O5: =I5/M5 -> 47.101131 | P5: =J5/K5 -> 0.0078677309 | Q5: 3.015 | R5: 23.87606 | S5: 18.782984 | T5: 91.624721 | U5: 106.80594 | V5: 202.21486 | W5: 214.13416 | X5: 7.38 | Y5: 1.52 | Z5: =Y5*X5 -> 11.2176
A6: CCR-COL | B6: 72 | C6: 149 | D6: 47 | E6: 7.28 | F6: 27.73 | G6: 2.18 | H6: 437 | I6: =H6/1000000 -> 0.000437 | J6: 806 | K6: 114010 | L6: =K6/1000000 -> 0.11401 | M6: =K6/10000000000 -> 1.1401e-05 | N6: =H6/K6 -> 0.0038329971 | O6: =I6/M6 -> 38.329971 | P6: =J6/K6 -> 0.0070695553 | Q6: 3.502 | R6: 26.01129 | S6: 27.137131 | T6: 95.498355 | U6: 125.28903 | V6: 224.31991 | W6: 278.66998
A7: CCR-COL | B7: 72 | C7: 149 | D7: 48 | E7: 7.96 | F7: 27.73 | G7: 2.26 | H7: 604 | I7: =H7/1000000 -> 0.000604 | J7: 942 | K7: 114010 | L7: =K7/1000000 -> 0.11401 | M7: =K7/10000000000 -> 1.1401e-05 | N7: =H7/K7 -> 0.0052977809 | O7: =I7/M7 -> 52.977809 | P7: =J7/K7 -> 0.0082624331 | Q7: 4.076 | R7: 18.184514 | S7: 20.087915 | T7: 75.316961 | U7: 103.61852 | V7: 227.6287 | W7: 211.09613
A8: CCR-COL | B8: 72 | C8: 152 | D8: 49 | E8: 6.49 | F8: 27.73 | G8: 1.64 | H8: 600 | I8: =H8/1000000 -> 0.0006 | J8: 1185 | K8: 114010 | L8: =K8/1000000 -> 0.11401 | M8: =K8/10000000000 -> 1.1401e-05 | N8: =H8/K8 -> 0.0052626963 | O8: =I8/M8 -> 52.626963 | P8: =J8/K8 -> 0.010393825 | Q8: 3.327 | R8: 24.03822 | S8: 33.434472 | T8: 96.969494 | U8: 124.45992 | V8: 230.71024 | W8: 253.93187
A9: CCR-COL | B9: 72 | C9: 152 | D9: 50 | E9: 7.36 | F9: 27.73 | G9: 1.6 | H9: 745 | I9: =H9/1000000 -> 0.000745 | J9: 1119 | K9: 114010 | L9: =K9/1000000 -> 0.11401 | M9: =K9/10000000000 -> 1.1401e-05 | N9: =H9/K9 -> 0.0065345145 | O9: =I9/M9 -> 65.345145 | P9: =J9/K9 -> 0.0098149285 | Q9: 3.788 | R9: 30.199045 | S9: 15.628999 | T9: 104.74043 | U9: 58.314139 | V9: 248.08868 | W9: 121.63338
A10: CCR-COL | B10: 72 | C10: 152 | D10: 51 | E10: 6.5 | F10: 27.73 | G10: 1.36 | H10: 604 | I10: =H10/1000000 -> 0.000604 | J10: 1012 | K10: 114010 | L10: =K10/1000000 -> 0.11401 | M10: =K10/10000000000 -> 1.1401e-05 | N10: =H10/K10 -> 0.0052977809 | O10: =I10/M10 -> 52.977809 | P10: =J10/K10 -> 0.0088764143 | Q10: 3.228 | R10: 25.846151 | S10: 34.628875 | T10: 97.555049 | U10: 129.32989 | V10: 230.05252 | W10: 255.64725 | X10: 3.51 | Y10: 5.29 | Z10: =Y10*X10 -> 18.5679
A11: CCR-COL | B11: 72 | C11: 155 | D11: 58 | E11: 8.1 | F11: 27.73 | G11: 1.28 | H11: 555 | I11: =H11/1000000 -> 0.000555 | J11: 827 | K11: 114010 | L11: =K11/1000000 -> 0.11401 | M11: =K11/10000000000 -> 1.1401e-05 | N11: =H11/K11 -> 0.004867994 | O11: =I11/M11 -> 48.67994 | P11: =J11/K11 -> 0.0072537497 | Q11: 3.401 | R11: 31.177421 | S11: 30.633821 | T11: 118.99135 | U11: 136.3944 | V11: 272.74271 | W11: 284.95016
A12: CCR-COL | B12: 72 | C12: 155 | D12: 59 | E12: 10.14 | F12: 27.73 | G12: 1.36 | H12: 535 | I12: =H12/1000000 -> 0.000535 | J12: 948 | K12: 114010 | L12: =K12/1000000 -> 0.11401 | M12: =K12/10000000000 -> 1.1401e-05 | N12: =H12/K12 -> 0.0046925708 | O12: =I12/M12 -> 46.925708 | P12: =J12/K12 -> 0.0083150601 | Q12: 2.888 | R12: 25.160902 | S12: 34.334628 | T12: 97.133775 | U12: 151.12378 | V12: 229.35241 | W12: 349.87139
A13: CCR-COL | B13: 72 | C13: 155 | D13: 60 | E13: 9 | F13: 27.73 | G13: 1.33 | H13: 527 | I13: =H13/1000000 -> 0.000527 | J13: 910 | K13: 114010 | L13: =K13/1000000 -> 0.11401 | M13: =K13/10000000000 -> 1.1401e-05 | N13: =H13/K13 -> 0.0046224015 | O13: =I13/M13 -> 46.224015 | P13: =J13/K13 -> 0.007981756 | Q13: 3.788 | R13: 25.826178 | S13: 35.876412 | T13: 90.459742 | U13: 176.62033 | V13: 221.70858 | W13: 267.82223 | X13: 0.44 | Y13: 23.12 | Z13: =Y13*X13 -> 10.1728
A14: CCR-COL | B14: 72 | C14: 5 | D14: 61 | E14: 6.64 | F14: 27.73 | G14: 1.14 | H14: 306 | I14: =H14/1000000 -> 0.000306 | J14: 437 | K14: 114010 | L14: =K14/1000000 -> 0.11401 | M14: =K14/10000000000 -> 1.1401e-05 | N14: =H14/K14 -> 0.0026839751 | O14: =I14/M14 -> 26.839751 | P14: =J14/K14 -> 0.0038329971 | Q14: 3.323 | R14: 25.282649 | S14: 30.668106 | T14: 91.907939 | U14: 139.97519 | V14: 249.61413 | W14: 308.14072
A15: CCR-COL | B15: 72 | C15: 5 | D15: 63 | E15: 7.06 | F15: 27.73 | G15: 1.44 | H15: 487 | I15: =H15/1000000 -> 0.000487 | J15: 651 | K15: 114010 | L15: =K15/1000000 -> 0.11401 | M15: =K15/10000000000 -> 1.1401e-05 | N15: =H15/K15 -> 0.0042715551 | O15: =I15/M15 -> 42.715551 | P15: =J15/K15 -> 0.0057100254 | Q15: 3.005 | R15: 22.463388 | S15: 25.471402 | T15: 90.759461 | U15: 113.03982 | V15: 207.27798 | W15: 237.66135
A16: CCR-COL | B16: 72 | C16: 5 | D16: 85 | E16: 6.97 | F16: 27.73 | G16: 1.37 | H16: 354 | I16: =H16/1000000 -> 0.000354 | J16: 577 | K16: 114010 | L16: =K16/1000000 -> 0.11401 | M16: =K16/10000000000 -> 1.1401e-05 | N16: =H16/K16 -> 0.0031049908 | O16: =I16/M16 -> 31.049908 | P16: =J16/K16 -> 0.0050609596 | Q16: 3.3 | R16: 18.707497 | S16: 23.516593 | T16: 68.033267 | U16: 111.41609 | V16: 196.07112 | W16: 229.19718 | X16: 4.02 | Y16: 1.95 | Z16: =Y16*X16 -> 7.839
A17: MEAN | B17: =AVERAGE(B2:B16) -> 72 | C17: =AVERAGE(C2:C16) -> 123.4 | D17: =AVERAGE(D2:D16) -> 53.933333 | E17: =AVERAGE(E2:E16) -> 7.5686667 | F17: =AVERAGE(F2:F16) -> 27.73 | G17: =AVERAGE(G2:G16) -> 1.586 | H17: =AVERAGE(H2:H16) -> 497.2 | I17: =AVERAGE(I2:I16) -> 0.0004972 | ... W17: =AVERAGE(W2:W16) -> 247.80202
A18: STDERR | B18: =STDEV(B2:B16)/SQRT(COUNT(B2:B16)) -> 0 | C18: =STDEV(C2:C16)/SQRT(COUNT(C2:C16)) -> 15.835403 | D18: =STDEV(D2:D16)/SQRT(COUNT(D2:D16)) -> 2.8190959 | E18: =STDEV(E2:E16)/SQRT(COUNT(E2:E16)) -> 0.28074029 | F18: =STDEV(F2:F16)/SQRT(COUNT(F2:F16)) -> 9.4950267e-16 | G18: =STDEV(G2:G16)/SQRT(COUNT(G2:G16)) -> 0.086116201 | H18: =STDEV(H2:H16)/SQRT(COUNT(H2:H16)) -> 31.716182 | I18: =STDEV(I2:I16)/SQRT(COUNT(I2:I16)) -> 3.1716182e-05 | ... W18: =STDEV(W2:W16)/SQRT(COUNT(W2:W16)) -> 13.150818
A19: VAR | B19: =_xlfn.VAR.S(B2:B16) -> 0 | C19: =_xlfn.VAR.S(C2:C16) -> 3761.4 | D19: =_xlfn.VAR.S(D2:D16) -> 119.20952 | E19: =_xlfn.VAR.S(E2:E16) -> 1.1822267 | F19: =_xlfn.VAR.S(F2:F16) -> 1.352333e-29 | G19: =_xlfn.VAR.S(G2:G16) -> 0.11124 | H19: =_xlfn.VAR.S(H2:H16) -> 15088.743 | I19: =_xlfn.VAR.S(I2:I16) -> 1.5088743e-08 | ... W19: =_xlfn.VAR.S(W2:W16) -> 2594.1601
A20: JLA-JAK | B20: 1521 | C20: 153 | D20: 69 | E20: 8.01 | F20: 27.73 | G20: 1.43 | H20: 448 | I20: =H20/1000000 -> 0.000448 | J20: 827 | K20: 114010 | L20: =K20/1000000 -> 0.11401 | M20: =K20/10000000000 -> 1.1401e-05 | N20: =H20/K20 -> 0.0039294799 | O20: =I20/M20 -> 39.294799 | P20: =J20/K20 -> 0.0072537497 | Q20: 4.2 | R20: 21.978967 | S20: 26.008329 | T20: 73.008945 | U20: 121.75132 | V20: 195.53022 | W20: 258.52217
A21: JLA-JAK | B21: 1521 | C21: 153 | D21: 76 | E21: 7.44 | F21: 27.73 | G21: 1.42 | H21: 406 | I21: =H21/1000000 -> 0.000406 | J21: 462 | K21: 114010 | L21: =K21/1000000 -> 0.11401 | M21: =K21/10000000000 -> 1.1401e-05 | N21: =H21/K21 -> 0.0035610911 | O21: =I21/M21 -> 35.610911 | P21: =J21/K21 -> 0.0040522761 | Q21: 4.232 | R21: 16.03357 | S21: 21.87495 | T21: 56.721846 | U21: 107.51054 | V21: 195.48355 | W21: 211.41479
A22: JLA-JAK | B22: 1521 | C22: 153 | D22: 90 | E22: 7.98 | F22: 27.73 | G22: 2.16 | H22: 716 | I22: =H22/1000000 -> 0.000716 | J22: 633 | K22: 114010 | L22: =K22/1000000 -> 0.11401 | M22: =K22/10000000000 -> 1.1401e-05 | N22: =H22/K22 -> 0.0062801509 | O22: =I22/M22 -> 62.801509 | P22: =J22/K22 -> 0.0055521445 | Q22: 4.886 | R22: 13.214128 | S22: 21.266593 | T22: 49.657833 | U22: 82.779526 | V22: 112.21444 | W22: 167.74215 | X22: 8.68 | Y22: 0.146 | Z22: =Y22*X22 -> 1.26728
A23: JLA-JAK | B23: 1521 | C23: 155 | D23: 62 | E23: 7 | F23: 27.73 | G23: 1.42 | H23: 267 | I23: =H23/1000000 -> 0.000267 | J23: 897 | K23: 114010 | L23: =K23/1000000 -> 0.11401 | M23: =K23/10000000000 -> 1.1401e-05 | N23: =H23/K23 -> 0.0023418998 | O23: =I23/M23 -> 23.418998 | P23: =J23/K23 -> 0.0078677309 | Q23: 3.635 | R23: 17.259632 | S23: 26.163526 | T23: 98.703484 | U23: 88.525082 | V23: 229.31396 | W23: 177.76821
A24: JLA-JAK | B24: 1521 | C24: 155 | D24: 64 | E24: 7.62 | F24: 27.73 | G24: 1.85 | H24: 306 | I24: =H24/1000000 -> 0.000306 | J24: 806 | K24: 114010 | L24: =K24/1000000 -> 0.11401 | M24: =K24/10000000000 -> 1.1401e-05 | N24: =H24/K24 -> 0.0026839751 | O24: =I24/M24 -> 26.839751 | P24: =J24/K24 -> 0.0070695553 | Q24: 3.7 | R24: 22.789083 | S24: 20.860713 | T24: 104.66246 | U24: 83.918467 | V24: 238.21353 | W24: 172.85719
A25: JLA-JAK | B25: 1521 | C25: 155 | D25: 66 | E25: 8.38 | F25: 27.73 | G25: 1.94 | H25: 469 | I25: =H25/1000000 -> 0.000469 | J25: 942 | K25: 114010 | L25: =K25/1000000 -> 0.11401 | M25: =K25/10000000000 -> 1.1401e-05 | N25: =H25/K25 -> 0.0041136742 | O25: =I25/M25 -> 41.136742 | P25: =J25/K25 -> 0.0082624331 | Q25: 4.45 | R25: 27.04496 | S25: 23.181529 | T25: 118.2256 | U25: 121.8895 | V25: 278.12665 | W25: 268.11936 | X25: 1.33 | Y25: 2.33 | Z25: =Y25*X25 -> 3.0989
A26: JLA-JAK | B26: 1521 | C26: 156 | D26: 71 | E26: 5.24 | F26: 27.73 | G26: 1.95 | H26: 514 | I26: =H26/1000000 -> 0.000514 | J26: 1185 | K26: 114010 | L26: =K26/1000000 -> 0.11401 | M26: =K26/10000000000 -> 1.1401e-05 | N26: =H26/K26 -> 0.0045083765 | O26: =I26/M26 -> 45.083765 | P26: =J26/K26 -> 0.010393825 | Q26: 4.983 | R26: 20.09467 | S26: 22.527471 | T26: 72.774765 | U26: 110.25809 | V26: 171.31161 | W26: 247.43444 | X26: 0.29 | Y26: 5.28 | Z26: =Y26*X26 -> 1.5312
A27: JLA-JAK | B27: 1521 | C27: 156 | D27: 74 | E27: 6.2 | F27: 27.73 | G27: 1.92 | H27: 454 | I27: =H27/1000000 -> 0.000454 | J27: 1119 | K27: 114010 | L27: =K27/1000000 -> 0.11401 | M27: =K27/10000000000 -> 1.1401e-05 | N27: =H27/K27 -> 0.0039821068 | O27: =I27/M27 -> 39.821068 | P27: =J27/K27 -> 0.0098149285 | Q27: 4.049 | R27: 9.9183869 | S27: 21.20718 | T27: 52.078913 | U27: 107.78332 | V27: 130.47505 | W27: 215.10947
A28: JLA-JAK | B28: 1521 | C28: 156 | D28: 75 | E28: 8.63 | F28: 27.73 | G28: 2.11 | H28: 481 | I28: =H28/1000000 -> 0.000481 | J28: 1012 | K28: 114010 | L28: =K28/1000000 -> 0.11401 | M28: =K28/10000000000 -> 1.1401e-05 | N28: =H28/K28 -> 0.0042189282 | O28: =I28/M28 -> 42.189282 | P28: =J28/K28 -> 0.0088764143 | Q28: 4.45 | R28: 18.228777 | S28: 20.91483 | T28: 64.770507 | U28: 99.248058 | V28: 149.55825 | W28: 237.9426
A29: JLA-JAK | B29: 1521 | C29: 157 | D29: 67 | E29: 7.72 | F29: 27.73 | G29: 2.34 | H29: 376 | I29: =H29/1000000 -> 0.000376 | J29: 827 | K29: 114010 | L29: =K29/1000000 -> 0.11401 | M29: =K29/10000000000 -> 1.1401e-05 | N29: =H29/K29 -> 0.0032979563 | O29: =I29/M29 -> 32.979563 | P29: =J29/K29 -> 0.0072537497 | Q29: 4.369 | R29: 12.119463 | S29: 19.41279 | T29: 36.85638 | U29: 110.33186 | V29: 115.49938 | W29: 218.97265
A30: JLA-JAK | B30: 1521 | C30: 157 | D30: 68 | E30: 7.08 | F30: 27.73 | G30: 2.36 | H30: 340 | I30: =H30/1000000 -> 0.00034 | J30: 948 | K30: 114010 | L30: =K30/1000000 -> 0.11401 | M30: =K30/10000000000 -> 1.1401e-05 | N30: =H30/K30 -> 0.0029821945 | O30: =I30/M30 -> 29.821945 | P30: =J30/K30 -> 0.0083150601 | Q30: 4.224 | R30: 14.486637 | S30: 19.920498 | T30: 43.656191 | U30: 114.53535 | V30: 129.61092 | W30: 237.58271 | X30: 0.48 | Y30: 4.71 | Z30: =Y30*X30 -> 2.2608
A31: JLA-JAK | B31: 1521 | C31: 157 | D31: 72 | E31: 6.95 | F31: 27.73 | G31: 2.6 | H31: 345 | I31: =H31/1000000 -> 0.000345 | J31: 910 | K31: 114010 | L31: =K31/1000000 -> 0.11401 | M31: =K31/10000000000 -> 1.1401e-05 | N31: =H31/K31 -> 0.0030260503 | O31: =I31/M31 -> 30.260503 | P31: =J31/K31 -> 0.007981756 | Q31: 6.1 | R31: 14.92541 | S31: 24.306774 | T31: 58.512313 | U31: 153.00181 | V31: 152.84734 | W31: 363.3352
A32: JLA-JAK | B32: 1521 | C32: 158 | D32: 70 | E32: 7.79 | F32: 27.73 | G32: 1.44 | H32: 523 | I32: =H32/1000000 -> 0.000523 | J32: 437 | K32: 114010 | L32: =K32/1000000 -> 0.11401 | M32: =K32/10000000000 -> 1.1401e-05 | N32: =H32/K32 -> 0.0045873169 | O32: =I32/M32 -> 45.873169 | P32: =J32/K32 -> 0.0038329971 | Q32: 3.417 | R32: 19.411764 | S32: 22.631666 | T32: 64.644144 | U32: 109.25982 | V32: 153.29039 | W32: 224.76697
A33: JLA-JAK | B33: 1521 | C33: 158 | D33: 73 | E33: 6.96 | F33: 27.73 | G33: 1.76 | H33: 454 | I33: =H33/1000000 -> 0.000454 | J33: 651 | K33: 114010 | L33: =K33/1000000 -> 0.11401 | M33: =K33/10000000000 -> 1.1401e-05 | N33: =H33/K33 -> 0.0039821068 | O33: =I33/M33 -> 39.821068 | P33: =J33/K33 -> 0.0057100254 | Q33: 4.613 | R33: 11.474232 | S33: 22.864113 | T33: 39.282754 | U33: 113.8069 | V33: 96.14417 | W33: 241.34715 | X33: 4.92 | Y33: 0.15 | Z33: =Y33*X33 -> 0.738
A34: JLA-JAK | B34: 1521 | C34: 158 | D34: 81 | E34: 9.81 | F34: 27.73 | G34: 1.48 | H34: 266 | I34: =H34/1000000 -> 0.000266 | J34: 577 | K34: 114010 | L34: =K34/1000000 -> 0.11401 | M34: =K34/10000000000 -> 1.1401e-05 | N34: =H34/K34 -> 0.0023331287 | O34: =I34/M34 -> 23.331287 | P34: =J34/K34 -> 0.0050609596 | Q34: 3.869 | R34: 13.977251 | S34: 23.34123 | T34: 56.133607 | U34: 116.3689 | V34: 131.95716 | W34: 247.76855
A35: MEAN | B35: =AVERAGE(B20:B34) -> 1521 | C35: =AVERAGE(C20:C34) -> 155.8 | D35: =AVERAGE(D20:D34) -> 71.866667 | E35: =AVERAGE(E20:E34) -> 7.5206667 | F35: =AVERAGE(F20:F34) -> 27.73 | G35: =AVERAGE(G20:G34) -> 1.8786667 | H35: =AVERAGE(H20:H34) -> 424.33333 | I35: =AVERAGE(I20:I34) -> 0.00042433333 | ... W35: =AVERAGE(W20:W34) -> 232.71224
A36: STDERR | B36: =STDEV(B20:B34)/SQRT(COUNT(B20:B34)) -> 0 | C36: =STDEV(C20:C34)/SQRT(COUNT(C20:C34)) -> 0.45981363 | D36: =STDEV(D20:D34)/SQRT(COUNT(D20:D34)) -> 1.8123036 | E36: =STDEV(E20:E34)/SQRT(COUNT(E20:E34)) -> 0.27464343 | F36: =STDEV(F20:F34)/SQRT(COUNT(F20:F34)) -> 9.4950267e-16 | G36: =STDEV(G20:G34)/SQRT(COUNT(G20:G34)) -> 0.099913613 | H36: =STDEV(H20:H34)/SQRT(COUNT(H20:H34)) -> 30.101047 | I36: =STDEV(I20:I34)/SQRT(COUNT(I20:I34)) -> 3.0101047e-05 | ... W36: =STDEV(W20:W34)/SQRT(COUNT(W20:W34)) -> 12.225886
A37: NRV-NEW | B37: 666 | C37: 101 | D37: 1 | E37: 8.59 | F37: 27.73 | G37: 1.18 | H37: 452 | I37: =H37/1000000 -> 0.000452 | J37: 754 | K37: 114010 | L37: =K37/1000000 -> 0.11401 | M37: =K37/10000000000 -> 1.1401e-05 | N37: =H37/K37 -> 0.0039645645 | O37: =I37/M37 -> 39.645645 | P37: =J37/K37 -> 0.006613455 | Q37: 3.251 | R37: 24.755789 | S37: 24.30566 | T37: 83.842244 | U37: 101.94143 | V37: 205.61117 | W37: 217.07178
A38: NRV-NEW | B38: 666 | C38: 101 | D38: 2 | E38: 8.54 | F38: 27.73 | G38: 1.59 | H38: 456 | I38: =H38/1000000 -> 0.000456 | J38: 827 | K38: 114010 | L38: =K38/1000000 -> 0.11401 | M38: =K38/10000000000 -> 1.1401e-05 | N38: =H38/K38 -> 0.0039996492 | O38: =I38/M38 -> 39.996492 | P38: =J38/K38 -> 0.0072537497 | Q38: 3.445 | R38: 26.173964 | S38: 29.016015 | T38: 85.487344 | U38: 113.55045 | V38: 205.69953 | W38: 242.18005
A39: NRV-NEW | B39: 666 | C39: 101 | D39: 3 | E39: 8.66 | F39: 27.73 | G39: 1.67 | H39: 493 | I39: =H39/1000000 -> 0.000493 | J39: 850 | K39: 114010 | L39: =K39/1000000 -> 0.11401 | M39: =K39/10000000000 -> 1.1401e-05 | N39: =H39/K39 -> 0.0043241821 | O39: =I39/M39 -> 43.241821 | P39: =J39/K39 -> 0.0074554864 | Q39: 3.033 | R39: 24.346542 | S39: 28.062841 | T39: 77.85441 | U39: 118.92943 | V39: 198.22718 | W39: 254.11305 | X39: 6.31 | Y39: 1.01 | Z39: =Y39*X39 -> 6.3731
A40: NRV-NEW | B40: 666 | C40: 105 | D40: 7 | E40: 6.93 | F40: 27.73 | G40: 1.4 | H40: 368 | I40: =H40/1000000 -> 0.000368 | J40: 591 | K40: 114010 | L40: =K40/1000000 -> 0.11401 | M40: =K40/10000000000 -> 1.1401e-05 | N40: =H40/K40 -> 0.003227787 | O40: =I40/M40 -> 32.27787 | P40: =J40/K40 -> 0.0051837558 | Q40: 3.903 | R40: 25.547176 | S40: 24.560371 | T40: 92.324842 | U40: 89.700536 | V40: 216.47908 | W40: 189.47632
A41: NRV-NEW | B41: 666 | C41: 105 | D41: 8 | E41: 8.03 | F41: 27.73 | G41: 1.46 | H41: 380 | I41: =H41/1000000 -> 0.00038 | J41: 667 | K41: 114010 | L41: =K41/1000000 -> 0.11401 | M41: =K41/10000000000 -> 1.1401e-05 | N41: =H41/K41 -> 0.003333041 | O41: =I41/M41 -> 33.33041 | P41: =J41/K41 -> 0.005850364 | Q41: 2.753 | R41: 27.525582 | S41: 19.312214 | T41: 97.62804 | U41: 66.818055 | V41: 230.6456 | W41: 139.00718
A42: NRV-NEW | B42: 666 | C42: 105 | D42: 9 | E42: 8.38 | F42: 27.73 | G42: 1.48 | H42: 462 | I42: =H42/1000000 -> 0.000462 | J42: 615 | K42: 114010 | L42: =K42/1000000 -> 0.11401 | M42: =K42/10000000000 -> 1.1401e-05 | N42: =H42/K42 -> 0.0040522761 | O42: =I42/M42 -> 40.522761 | P42: =J42/K42 -> 0.0053942637 | Q42: 3.375 | R42: 21.607961 | S42: 21.753697 | T42: 94.443496 | U42: 117.84858 | V42: 225.62511 | W42: 237.16013 | X42: 6.68 | Y42: 0.69 | Z42: =Y42*X42 -> 4.6092
A43: NRV-NEW | B43: 666 | C43: 118 | D43: 10 | E43: 9.02 | F43: 27.73 | G43: 1.97 | H43: 354 | I43: =H43/1000000 -> 0.000354 | J43: 651 | K43: 114010 | L43: =K43/1000000 -> 0.11401 | M43: =K43/10000000000 -> 1.1401e-05 | N43: =H43/K43 -> 0.0031049908 | O43: =I43/M43 -> 31.049908 | P43: =J43/K43 -> 0.0057100254 | Q43: 3.166 | R43: 16.325444 | S43: 24.904747 | T43: 70.598698 | U43: 103.23012 | V43: 169.35316 | W43: 209.66073 | X43: 7.72 | Y43: 1.3 | Z43: =Y43*X43 -> 10.036
A44: NRV-NEW | B44: 666 | C44: 118 | D44: 11 | E44: 9.21 | F44: 27.73 | G44: 1.36 | H44: 365 | I44: =H44/1000000 -> 0.000365 | J44: 547 | K44: 114010 | L44: =K44/1000000 -> 0.11401 | M44: =K44/10000000000 -> 1.1401e-05 | N44: =H44/K44 -> 0.0032014736 | O44: =I44/M44 -> 32.014736 | P44: =J44/K44 -> 0.0047978248 | Q44: 3.635 | R44: 7.0894142 | S44: 27.109795 | T44: 48.940411 | U44: 119.25286 | V44: 110.8085 | W44: 244.03963
A45: NRV-NEW | B45: 666 | C45: 118 | D45: 12 | E45: 8 | F45: 27.73 | G45: 1.65 | H45: 323 | I45: =H45/1000000 -> 0.000323 | J45: 587 | K45: 114010 | L45: =K45/1000000 -> 0.11401 | M45: =K45/10000000000 -> 1.1401e-05 | N45: =H45/K45 -> 0.0028330848 | O45: =I45/M45 -> 28.330848 | P45: =J45/K45 -> 0.0051486712 | Q45: 2.918 | R45: 15.747832 | S45: 25.254429 | T45: 69.38978 | U45: 143.56273 | V45: 164.83477 | W45: 311.43515
A46: NRV-NEW | B46: 666 | C46: 122 | D46: 16 | E46: 8.23 | F46: 27.73 | G46: 1.83 | H46: 319 | I46: =H46/1000000 -> 0.000319 | J46: 618 | K46: 114010 | L46: =K46/1000000 -> 0.11401 | M46: =K46/10000000000 -> 1.1401e-05 | N46: =H46/K46 -> 0.0027980002 | O46: =I46/M46 -> 27.980002 | P46: =J46/K46 -> 0.0054205771 | Q46: 3.81 | R46: 19.01064 | S46: 21.320336 | T46: 70.630464 | U46: 137.81067 | V46: 221.13825 | W46: 281.87237
A47: NRV-NEW | B47: 666 | C47: 122 | D47: 17 | E47: 8.32 | F47: 27.73 | G47: 1.36 | H47: 405 | I47: =H47/1000000 -> 0.000405 | J47: 662 | K47: 114010 | L47: =K47/1000000 -> 0.11401 | M47: =K47/10000000000 -> 1.1401e-05 | N47: =H47/K47 -> 0.00355232 | O47: =I47/M47 -> 35.5232 | P47: =J47/K47 -> 0.0058065082 | Q47: 3.47 | R47: 24.560638 | S47: 17.728299 | T47: 94.150636 | U47: 121.74488 | V47: 208.89745 | W47: 245.6174 | X47: 11.69 | Y47: 0.7 | Z47: =Y47*X47 -> 8.183
A48: NRV-NEW | B48: 666 | C48: 122 | D48: 18 | E48: 8.39 | F48: 27.73 | G48: 1.83 | H48: 376 | I48: =H48/1000000 -> 0.000376 | J48: 640 | K48: 114010 | L48: =K48/1000000 -> 0.11401 | M48: =K48/10000000000 -> 1.1401e-05 | N48: =H48/K48 -> 0.0032979563 | O48: =I48/M48 -> 32.979563 | P48: =J48/K48 -> 0.0056135427 | Q48: 3.093 | R48: 11.588426 | S48: 28.639764 | T48: 59.149585 | U48: 145.81985 | V48: 177.00136 | W48: 312.2487
A49: NRV-NEW | B49: 666 | C49: 123 | D49: 19 | E49: 7.35 | F49: 27.73 | G49: 1.63 | H49: 392 | I49: =H49/1000000 -> 0.000392 | J49: 566 | K49: 114010 | L49: =K49/1000000 -> 0.11401 | M49: =K49/10000000000 -> 1.1401e-05 | N49: =H49/K49 -> 0.0034382949 | O49: =I49/M49 -> 34.382949 | P49: =J49/K49 -> 0.0049644768 | Q49: 3.3 | R49: 20.931456 | S49: 22.471763 | T49: 92.203821 | U49: 95.201985 | V49: 205.83433 | W49: 199.62912
A50: NRV-NEW | B50: 666 | C50: 123 | D50: 20 | E50: 7.15 | F50: 27.73 | G50: 1.93 | H50: 288 | I50: =H50/1000000 -> 0.000288 | J50: 562 | K50: 114010 | L50: =K50/1000000 -> 0.11401 | M50: =K50/10000000000 -> 1.1401e-05 | N50: =H50/K50 -> 0.0025260942 | O50: =I50/M50 -> 25.260942 | P50: =J50/K50 -> 0.0049293922 | Q50: 3.755 | R50: 24.998878 | S50: 27.514732 | T50: 97.657726 | U50: 132.80901 | V50: 226.52609 | W50: 286.19302
A51: NRV-NEW | B51: 666 | C51: 123 | D51: 22 | E51: 6.56 | F51: 27.73 | G51: 1.94 | H51: 294 | I51: =H51/1000000 -> 0.000294 | J51: 497 | K51: 114010 | L51: =K51/1000000 -> 0.11401 | M51: =K51/10000000000 -> 1.1401e-05 | N51: =H51/K51 -> 0.0025787212 | O51: =I51/M51 -> 25.787212 | P51: =J51/K51 -> 0.0043592667 | Q51: 3.401 | R51: 20.804214 | S51: 17.867124 | T51: 79.60116 | U51: 108.47579 | V51: 204.92005 | W51: 228.64889 | X51: 0.79 | Y51: 3.16 | Z51: =Y51*X51 -> 2.4964
A52: MEAN | B52: 72 | C52: 123.4 | D52: 53.933 | E52: 7.569 | F52: 27.73 | G52: 1.586 | H52: 497.2 | I52: 0.000497 | J52: 815.533 | K52: 114010 | L52: 0.114 | M52: 0 | N52: 0.004 | O52: 43.61 | P52: 0.007 | Q52: 3.439 | R52: 24.685 | S52: 27.642 | T52: 93.878 | U52: 120.553 | V52: 228.283 | W52: 247.802
A53: STDERR | B53: 0 | C53: 15.835 | D53: 2.819 | E53: 0.281 | F53: 0 | G53: 0.086 | H53: 31.716 | I53: 0 | J53: 57.826 | K53: 0 | L53: 0 | M53: 0 | N53: 0 | O53: 2.782 | P53: 0.001 | Q53: 0.089 | R53: 1.124 | S53: 1.583 | T53: 3.848 | U53: 6.787 | V53: 9.233 | W53: 13.151
A54: TSZ-SAN | B54: 1212 | C54: 3 | D54: 29 | E54: 8.41 | F54: 27.73 | G54: 1.74 | H54: 375 | I54: =H54/1000000 -> 0.000375 | J54: 545 | K54: 114010 | L54: =K54/1000000 -> 0.11401 | M54: =K54/10000000000 -> 1.1401e-05 | N54: =H54/K54 -> 0.0032891852 | O54: =I54/M54 -> 32.891852 | P54: =J54/K54 -> 0.0047802824 | Q54: 2.843 | R54: 23.227744 | S54: 20.055198 | T54: 91.521817 | U54: 99.795749 | V54: 190.70236 | W54: 211.80242 | X54: 3.73 | Y54: 0.24 | Z54: =Y54*X54 -> 0.8952
A55: TSZ-SAN | B55: 1212 | C55: 3 | D55: 30 | E55: 8.51 | F55: 27.73 | G55: 1.86 | H55: 288 | I55: =H55/1000000 -> 0.000288 | J55: 512 | K55: 114010 | L55: =K55/1000000 -> 0.11401 | M55: =K55/10000000000 -> 1.1401e-05 | N55: =H55/K55 -> 0.0025260942 | O55: =I55/M55 -> 25.260942 | P55: =J55/K55 -> 0.0044908341 | Q55: 3.295 | R55: 10.789268 | S55: 22.701032 | T55: 40.899946 | U55: 89.18116 | V55: 89.220329 | W55: 181.10405
A56: TSZ-SAN | B56: 1212 | C56: 3 | D56: 31 | E56: 8.76 | F56: 27.73 | G56: 1.43 | H56: 341 | I56: =H56/1000000 -> 0.000341 | J56: 562 | K56: 114010 | L56: =K56/1000000 -> 0.11401 | M56: =K56/10000000000 -> 1.1401e-05 | N56: =H56/K56 -> 0.0029909657 | O56: =I56/M56 -> 29.909657 | P56: =J56/K56 -> 0.0049293922 | Q56: 3.656 | R56: 23.580718 | S56: 21.188829 | T56: 88.226394 | U56: 113.84801 | V56: 196.12756 | W56: 217.68661
A57: TSZ-SAN | B57: 1212 | C57: 4 | D57: 32 | E57: 7.95 | F57: 27.73 | G57: 1.76 | H57: 464 | I57: =H57/1000000 -> 0.000464 | J57: 718 | K57: 114010 | L57: =K57/1000000 -> 0.11401 | M57: =K57/10000000000 -> 1.1401e-05 | N57: =H57/K57 -> 0.0040698184 | O57: =I57/M57 -> 40.698184 | P57: =J57/K57 -> 0.0062976932 | Q57: 3.161 | R57: 11.241199 | S57: 10.958709 | T57: 47.482611 | U57: 77.044621 | V57: 129.38972 | W57: 157.08166
A58: TSZ-SAN | B58: 1212 | C58: 4 | D58: 33 | E58: 7.67 | F58: 27.73 | G58: 1.8 | H58: 341 | I58: =H58/1000000 -> 0.000341 | J58: 558 | K58: 114010 | L58: =K58/1000000 -> 0.11401 | M58: =K58/10000000000 -> 1.1401e-05 | N58: =H58/K58 -> 0.0029909657 | O58: =I58/M58 -> 29.909657 | P58: =J58/K58 -> 0.0048943075 | Q58: 3.4 | R58: 15.006813 | S58: 12.724463 | T58: 63.88589 | U58: 89.893407 | V58: 145.34687 | W58: 183.99949
A59: TSZ-SAN | B59: 1212 | C59: 4 | D59: 34 | E59: 7.73 | F59: 27.73 | G59: 1.53 | H59: 341 | I59: =H59/1000000 -> 0.000341 | J59: 570 | K59: 114010 | L59: =K59/1000000 -> 0.11401 | M59: =K59/10000000000 -> 1.1401e-05 | N59: =H59/K59 -> 0.0029909657 | O59: =I59/M59 -> 29.909657 | P59: =J59/K59 -> 0.0049995614 | Q59: 3.246 | R59: 19.982153 | S59: 14.873629 | T59: 72.911949 | U59: 82.94979 | V59: 168.77005 | W59: 167.90794 | X59: 0.82 | Y59: 8.01 | Z59: =Y59*X59 -> 6.5682
A60: TSZ-SAN | B60: 1212 | C60: 7 | D60: 36 | E60: 10.43 | F60: 27.73 | G60: 1.8 | H60: 629 | I60: =H60/1000000 -> 0.000629 | J60: 959 | K60: 114010 | L60: =K60/1000000 -> 0.11401 | M60: =K60/10000000000 -> 1.1401e-05 | N60: =H60/K60 -> 0.0055170599 | O60: =I60/M60 -> 55.170599 | P60: =J60/K60 -> 0.0084115428 | Q60: 2.475 | R60: 10.41132 | S60: 12.924866 | T60: 32.804068 | U60: 62.428036 | V60: 73.900911 | W60: 120.05878 | X60: 5.03 | Y60: 1.74 | Z60: =Y60*X60 -> 8.7522
A61: TSZ-SAN | B61: 1212 | C61: 7 | D61: 37 | E61: 7.96 | F61: 27.73 | G61: 1.65 | H61: 410 | I61: =H61/1000000 -> 0.00041 | J61: 516 | K61: 114010 | L61: =K61/1000000 -> 0.11401 | M61: =K61/10000000000 -> 1.1401e-05 | N61: =H61/K61 -> 0.0035961758 | O61: =I61/M61 -> 35.961758 | P61: =J61/K61 -> 0.0045259188 | Q61: 3.538 | R61: 13.380649 | S61: 25.729901 | T61: 48.856835 | U61: 122.73096 | V61: 133.40925 | W61: 273.58348
A62: TSZ-SAN | B62: 1212 | C62: 7 | D62: 83 | E62: 8.86 | F62: 27.73 | G62: 1.87 | H62: 370 | I62: =H62/1000000 -> 0.00037 | J62: 806 | K62: 114010 | L62: =K62/1000000 -> 0.11401 | M62: =K62/10000000000 -> 1.1401e-05 | N62: =H62/K62 -> 0.0032453294 | O62: =I62/M62 -> 32.453294 | P62: =J62/K62 -> 0.0070695553 | Q62: 2.638 | R62: 6.5130528 | S62: 24.195498 | T62: 31.317887 | U62: 111.04981 | V62: 71.927964 | W62: 235.81729
A63: TSZ-SAN | B63: 1212 | C63: 8 | D63: 38 | E63: 6.8 | F63: 27.73 | G63: 1.6 | H63: 408 | I63: =H63/1000000 -> 0.000408 | J63: 847 | K63: 114010 | L63: =K63/1000000 -> 0.11401 | M63: =K63/10000000000 -> 1.1401e-05 | N63: =H63/K63 -> 0.0035786335 | O63: =I63/M63 -> 35.786335 | P63: =J63/K63 -> 0.0074291729 | Q63: 2.665 | R63: 14.33031 | S63: 36.870847 | T63: 49.454634 | U63: 147.13317 | V63: 118.79777 | W63: 338.8309
A64: TSZ-SAN | B64: 1212 | C64: 8 | D64: 39 | E64: 11.35 | F64: 27.73 | G64: 1.54 | H64: 273 | I64: =H64/1000000 -> 0.000273 | J64: 564 | K64: 114010 | L64: =K64/1000000 -> 0.11401 | M64: =K64/10000000000 -> 1.1401e-05 | N64: =H64/K64 -> 0.0023945268 | O64: =I64/M64 -> 23.945268 | P64: =J64/K64 -> 0.0049469345 | Q64: 3.463 | R64: 12.803118 | S64: 17.946016 | T64: 53.236531 | U64: 84.802386 | V64: 120.43639 | W64: 171.91332
A65: TSZ-SAN | B65: 1212 | C65: 8 | D65: 40 | E65: 8.52 | F65: 27.73 | G65: 1.34 | H65: 279 | I65: =H65/1000000 -> 0.000279 | J65: 477 | K65: 114010 | L65: =K65/1000000 -> 0.11401 | M65: =K65/10000000000 -> 1.1401e-05 | N65: =H65/K65 -> 0.0024471538 | O65: =I65/M65 -> 24.471538 | P65: =J65/K65 -> 0.0041838435 | Q65: 3.229 | R65: 9.5817598 | S65: 27.317039 | T65: 44.482969 | U65: 119.03704 | V65: 106.89587 | W65: 249.69439 | X65: 5.26 | Y65: 0.69 | Z65: =Y65*X65 -> 3.6294
A66: TSZ-SAN | B66: 1212 | C66: 10 | D66: 21 | E66: 7.12 | F66: 27.73 | G66: 1.69 | H66: 346 | I66: =H66/1000000 -> 0.000346 | J66: 649 | K66: 114010 | L66: =K66/1000000 -> 0.11401 | M66: =K66/10000000000 -> 1.1401e-05 | N66: =H66/K66 -> 0.0030348215 | O66: =I66/M66 -> 30.348215 | P66: =J66/K66 -> 0.0056924831 | Q66: 3.66 | R66: 17.912132 | S66: 21.986588 | T66: 57.214421 | U66: 115.10931 | V66: 152.24199 | W66: 242.66293
A67: TSZ-SAN | B67: 1212 | C67: 10 | D67: 41 | E67: 7.26 | F67: 27.73 | G67: 1.92 | H67: 464 | I67: =H67/1000000 -> 0.000464 | J67: 679 | K67: 114010 | L67: =K67/1000000 -> 0.11401 | M67: =K67/10000000000 -> 1.1401e-05 | N67: =H67/K67 -> 0.0040698184 | O67: =I67/M67 -> 40.698184 | P67: =J67/K67 -> 0.0059556179 | Q67: 3.309 | R67: 28.287142 | S67: 21.435053 | T67: 109.96479 | U67: 111.47103 | V67: 251.64007 | W67: 238.25162 | X67: 3.88 | Y67: 5.11 | Z67: =Y67*X67 -> 19.8268
A68: TSZ-SAN | B68: 1212 | C68: 10 | D68: 42 | E68: 7.4 | F68: 27.73 | G68: 1.99 | H68: 475 | I68: =H68/1000000 -> 0.000475 | J68: 847 | K68: 114010 | L68: =K68/1000000 -> 0.11401 | M68: =K68/10000000000 -> 1.1401e-05 | N68: =H68/K68 -> 0.0041663012 | O68: =I68/M68 -> 41.663012 | P68: =J68/K68 -> 0.0074291729 | Q68: 3.463 | R68: 13.774992 | S68: 18.441572 | T68: 56.939873 | U68: 81.985489 | V68: 160.21201 | W68: 168.91348
A69: MEAN | B69: 72 | C69: 123.4 | D69: 53.933 | E69: 7.569 | F69: 27.73 | G69: 1.586 | H69: 497.2 | I69: 0.000497 | J69: 815.533 | K69: 114010 | L69: 0.114 | M69: 0 | N69: 0.004 | O69: 43.61 | P69: 0.007 | Q69: 3.439 | R69: 24.685 | S69: 27.642 | T69: 93.878 | U69: 120.553 | V69: 228.283 | W69: 247.802
A70: STDERR | B70: 0 | C70: 15.835 | D70: 2.819 | E70: 0.281 | F70: 0 | G70: 0.086 | H70: 31.716 | I70: 0 | J70: 57.826 | K70: 0 | L70: 0 | M70: 0 | N70: 0 | O70: 2.782 | P70: 0.001 | Q70: 0.089 | R70: 1.124 | S70: 1.583 | T70: 3.848 | U70: 6.787 | V70: 9.233 | W70: 13.151
A71: * measured on Aug 22, 2023.
A72: ** Mean surface area inside of the pot, based on mean soil height.
A74: Pop | B74: Avg BaPerGa (m2 ha-1) | C74: Canopy Leaf Area (m^2) | D74: Leaf Area Index (m2 m-2) | E74: Avg Tree height (m) | F74: Avg LaPerBa (m2 m-2) | G74: Avg Leaf Width (m) | H74: Avg Vmax (units??) | I74: Avg Jmax (units??) | J74: Kmax (Kg hr-1 MPa-1 m-2) per LA | K74: Kmax per BA | L74: Avg LSC (mmol s-1 MPa-1 m-2 per LA) | M74: Stem Lumen Area (um2) | N74: conduitDiam (um) | O74: treeToPhotoLAI
A75: CCR-COL | B75: =AVERAGE(O2:O16) -> 43.61021 | C75: =D75*L2 -> 0.4115761 | D75: 3.61 | E75: =AVERAGE(G2:G16) -> 1.586 | F75: =C75/AVERAGE(I2:I16) -> 827.78781 | G75: =AVERAGE(Q2:Q16)/100 -> 0.034391333 | H75: =AVERAGE(T2:T16) -> 93.877834 | I75: =H75*1.67 -> 156.77598 | J75: =AVERAGE('Repeated measurements'!Y3:Y17) -> 0.28825446 | K75: =J75*F75 -> 238.61353 | L75: =AVERAGE('Repeated measurements'!AA3:AA17) / 0.25 -> 17.778393 | M75: 779 | N75: =2*SQRT(M75/PI()) -> 31.493707 | O75: =D75*0.95 -> 3.4295
A76: JLA-JAK | B76: =AVERAGE(O20:O34) -> 37.218957 | C76: =D76*L3 -> 0.3830736 | D76: 3.36 | E76: =AVERAGE(G20:G34) -> 1.8786667 | F76: =C76/AVERAGE(I20:I34) -> 902.76575 | G76: =AVERAGE(Q20:Q34)/100 -> 0.043451333 | H76: =AVERAGE(T20:T34) -> 65.979316 | I76: =H76*1.67 -> 110.18546 | J76: =AVERAGE('Repeated measurements'!Y18:Y32) -> 0.2253916 | K76: =J76*F76 -> 203.47582 | L76: =AVERAGE('Repeated measurements'!AA18:AA32) / 0.25 -> 13.901261 | M76: 679 | N76: =2*SQRT(M76/PI()) -> 29.402885 | O76: =D76*0.95 -> 3.192
A77: NRV-NEW | B77: =AVERAGE(O37:O51) -> 33.488291 | C77: =D77*L4 -> 0.4115761 | D77: 3.61 | E77: =AVERAGE(G37:G51) -> 1.6186667 | F77: =C77/AVERAGE(I37:I51) -> 1077.9887 | G77: =AVERAGE(Q37:Q51)/100 -> 0.033538667 | H77: =AVERAGE(T37:T51) -> 80.926844 | I77: =H77*1.67 -> 135.14783 | J77: =AVERAGE('Repeated measurements'!Y33:Y47) -> 0.28251539 | K77: =J77*F77 -> 304.54841 | L77: =AVERAGE('Repeated measurements'!AA33:AA47) / 0.25 -> 17.42443 | M77: 779 | N77: =2*SQRT(M77/PI()) -> 31.493707 | O77: =D77*0.95 -> 3.4295
A78: TSZ-SAN | B78: =AVERAGE(O54:O68) -> 33.938543 | C78: =D78*L5 -> 0.4115761 | D78: 3.61 | E78: =AVERAGE(G54:G68) -> 1.7013333 | F78: =C78/AVERAGE(I54:I68) -> 1063.6874 | G78: =AVERAGE(Q54:Q68)/100 -> 0.032027333 | H78: =AVERAGE(T54:T68) -> 59.280041 | I78: =H78*1.67 -> 98.997669 | J78: =AVERAGE('Repeated measurements'!Y48:Y62) -> 0.25869998 | K78: =J78*F78 -> 275.1759 | L78: =AVERAGE('Repeated measurements'!AA48:AA62) / 0.25 -> 15.95559 | M78: 779 | N78: =2*SQRT(M78/PI()) -> 31.493707 | O78: =D78*0.95 -> 3.4295
A80: Pop | B80: BaPerGA VAR | C80: Canopy LA VAR | D80: LAI VAR | E80: Tree height VAR | F80: LaPerBa VAR | G80: Leaf Width VAR | H80: Vmax VAR | I80: Jmax VAR | J80: Kmax VAR | K80: Kmax per BA VAR
A81: CCR-COL | B81: =_xlfn.VAR.S(O2:O16) -> 116.08261 | C81: =L2^2*D81 -> 0.38902553 | D81: =POWER(D87,2)*10 -> 29.929 | E81: =_xlfn.VAR.S(G2:G16) -> 0.11124 | F81: =(L2^2)*((D81/(AVERAGE(I2:I16)^2))+((D75^2/(AVERAGE(I2:I16)^4)*I19))) -> 1615502.3 | G81: =_xlfn.VAR.S(Q2:Q16)/(100^2) -> 1.184457e-05 | H81: =_xlfn.VAR.S(T2:T16) -> 222.16007 | I81: =H81*(1.67^2) -> 619.58222 | J81: =_xlfn.VAR.S('Repeated measurements'!Y3:Y17) -> 0.0117248 | K81: =(J81*F81)+(J81*F75^2)+(F81*J75^2) -> 161208.76
A82: JLA-JAK | B82: =_xlfn.VAR.S(O20:O34) -> 104.56072 | C82: =L3^2*D82 -> 0.20964926 | D82: =POWER(D88,2)*10 -> 16.129 | E82: =_xlfn.VAR.S(G20:G34) -> 0.14974095 | F82: =(L3^2)*((D82/(AVERAGE(I20:I34)^2))+((D76^2/(AVERAGE(I20:I34)^4)*_xlfn.VAR.S(I20:I34)))) -> 1225854.2 | G82: =_xlfn.VAR.S(Q20:Q34)/(100^2) -> 4.2986684e-05 | H82: =_xlfn.VAR.S(T20:T34) -> 582.35354 | I82: =H82*(1.67^2) -> 1624.1258 | J82: =_xlfn.VAR.S('Repeated measurements'!Y18:Y32) -> 0.0057528777 | K82: =(J82*F82)+(J82*F76^2)+(F82*J76^2) -> 74015.783
A83: NRV-NEW | B83: =_xlfn.VAR.S(O37:O51) -> 30.259168 | C83: =L4^2*D83 -> 0.38902553 | D83: =POWER(D89,2)*10 -> 29.929 | E83: =_xlfn.VAR.S(G37:G51) -> 0.059712381 | F83: =(L4^2)*((D83/(AVERAGE(I37:I51)^2))+((D77^2/(AVERAGE(I37:I51)^4)*_xlfn.VAR.S(I37:I51)))) -> 2700094.4 | G83: =_xlfn.VAR.S(Q37:Q51)/(100^2) -> 1.1034384e-05 | H83: =_xlfn.VAR.S(T37:T51) -> 218.36938 | I83: =H83*(1.67^2) -> 609.01035 | J83: =_xlfn.VAR.S('Repeated measurements'!Y33:Y47) -> 0.0077005355 | K83: =(J83*F83)+(J83*F77^2)+(F83*J77^2) -> 245248.54
A84: TSZ-SAN | B84: =_xlfn.VAR.S(O54:O68) -> 67.074222 | C84: =L5^2*D84 -> 0.38902553 | D84: =POWER(D90,2)*10 -> 29.929 | E84: =_xlfn.VAR.S(G54:G68) -> 0.034412381 | F84: =(L5^2)*((D84/(AVERAGE(I54:I68)^2))+((D78^2/(AVERAGE(I54:I68)^4)*_xlfn.VAR.S(I54:I68)))) -> 2664285.4 | G84: =_xlfn.VAR.S(Q54:Q68)/(100^2) -> 1.4232378e-05 | H84: =_xlfn.VAR.S(T54:T68) -> 505.97707 | I84: =H84*(1.67^2) -> 1411.1194 | J84: =_xlfn.VAR.S('Repeated measurements'!Y48:Y62) -> 0.0090555557 | K84: =(J84*F84)+(J84*F78^2)+(F84*J78^2) -> 212681.43
A86: Pop | B86: BaPerGa STDERR | C86: Canopy Leaf Area STDERR | D86: LAI STDERR | E86: Avg Tree height (m) STDERR | F86: LaPerBa STDERR | G86: Leaf Width STDERR | H86: Vmax STDERR | I86: Jmax STDERR | J86: Kmax STDERR | K86: Kmax per BA STDERR
A87: CCR-COL | B87: =STDEV(O2:O16)/SQRT(COUNT(O2:O16)) -> 2.7818772 | C87: =SQRT(C81/COUNT(10)) -> 0.62371911 | D87: 1.73 | E87: =SQRT(E81/COUNT(H2:H16)) -> 0.086116201 | F87: =SQRT(F81/COUNT(I2:I16)) -> 328.17701 | G87: =SQRT(G81/COUNT(J2:J16)) -> 0.00088861576 | H87: =SQRT(H81/COUNT(K2:K16)) -> 3.8484635 | I87: =SQRT(I81/COUNT(L2:L16)) -> 6.426934 | J87: =SQRT(J81/COUNT(M2:M16)) -> 0.027958064 | K87: =SQRT(K81/COUNT(N2:N16)) -> 103.66895
A88: JLA-JAK | B88: =STDEV(O20:O34)/SQRT(COUNT(O20:O34)) -> 2.6402111 | C88: =SQRT(C82/COUNT(10)) -> 0.45787472 | D88: 1.27 | E88: =SQRT(E82/COUNT(H20:H34)) -> 0.099913613 | F88: =SQRT(F82/COUNT(I20:I34)) -> 285.87342 | G88: =SQRT(G82/COUNT(J20:J34)) -> 0.0016928612 | H88: =SQRT(H82/COUNT(K20:K34)) -> 6.2308562 | I88: =SQRT(I82/COUNT(L20:L34)) -> 10.40553 | J88: =SQRT(J82/COUNT(M20:M34)) -> 0.019583799 | K88: =SQRT(K82/COUNT(N20:N34)) -> 70.245182
A89: NRV-NEW | B89: =STDEV(O37:O51)/SQRT(COUNT(O37:O51)) -> 1.4203091 | C89: =SQRT(C83/COUNT(10)) -> 0.62371911 | D89: 1.73 | E89: =SQRT(E83/COUNT(H37:H51)) -> 0.063093783 | F89: =SQRT(F83/COUNT(I37:I51)) -> 424.27148 | G89: =SQRT(G83/COUNT(J37:J51)) -> 0.00085768618 | H89: =SQRT(H83/COUNT(K37:K51)) -> 3.8154893 | I89: =SQRT(I83/COUNT(L37:L51)) -> 6.3718671 | J89: =SQRT(J83/COUNT(M37:M51)) -> 0.022657648 | K89: =SQRT(K83/COUNT(N37:N51)) -> 127.86674
A90: TSZ-SAN | B90: =STDEV(O54:O68)/SQRT(COUNT(O54:O68)) -> 2.1146193 | C90: =SQRT(C84/COUNT(10)) -> 0.62371911 | D90: 1.73 | E90: =SQRT(E84/COUNT(H54:H68)) -> 0.047897377 | F90: =SQRT(F84/COUNT(I54:I68)) -> 421.44873 | G90: =SQRT(G84/COUNT(J54:J68)) -> 0.00097407659 | H90: =SQRT(H84/COUNT(K54:K68)) -> 5.8079088 | I90: =SQRT(I84/COUNT(L54:L68)) -> 9.6992077 | J90: =SQRT(J84/COUNT(M54:M68)) -> 0.024570383 | K90: =SQRT(K84/COUNT(N54:N68)) -> 119.07461
B92: BaPerGa | C92: Canopy Leaf Area | D92: LAI | E92: Height | F92: LaPerBa | G92: Leaf width | H92: Vmax | I92: Jmax | J92: Kmax | K92: Kmax per BA
A93: Upper | B93: =B75+(1.96*B87) -> 49.062689 | C93: =C75+(1.96*C87) -> 1.6340656 | D93: =D75+(1.96*D87) -> 7.0008 | E93: =E75+(1.96*E87) -> 1.7547878 | F93: =F75+(1.96*F87) -> 1471.0148 | G93: =G75+(1.96*G87) -> 0.03613302 | H93: =H75+(1.96*H87) -> 101.42082 | I93: =I75+(1.96*I87) -> 169.37277 | ... K93: =K75+(1.96*K87) -> 441.80467
A94: Upper | B94: =B76+(1.96*B88) -> 42.393771 | C94: =C76+(1.96*C88) -> 1.2805081 | D94: =D76+(1.96*D88) -> 5.8492 | E94: =E76+(1.96*E88) -> 2.0744973 | F94: =F76+(1.96*F88) -> 1463.0777 | G94: =G76+(1.96*G88) -> 0.046769341 | H94: =H76+(1.96*H88) -> 78.191795 | I94: =I76+(1.96*I88) -> 130.5803 | ... K94: =K76+(1.96*K88) -> 341.15638
A95: Upper | B95: =B77+(1.96*B89) -> 36.272096 | C95: =C77+(1.96*C89) -> 1.6340656 | D95: =D77+(1.96*D89) -> 7.0008 | E95: =E77+(1.96*E89) -> 1.7423305 | F95: =F77+(1.96*F89) -> 1909.5608 | G95: =G77+(1.96*G89) -> 0.035219732 | H95: =H77+(1.96*H89) -> 88.405203 | I95: =I77+(1.96*I89) -> 147.63669 | ... K95: =K77+(1.96*K89) -> 555.16721
A96: Upper | B96: =B78+(1.96*B90) -> 38.083197 | C96: =C78+(1.96*C90) -> 1.6340656 | D96: =D78+(1.96*D90) -> 7.0008 | E96: =E78+(1.96*E90) -> 1.7952122 | F96: =F78+(1.96*F90) -> 1889.7269 | G96: =G78+(1.96*G90) -> 0.033936523 | H96: =H78+(1.96*H90) -> 70.663542 | I96: =I78+(1.96*I90) -> 118.00812 | ... K96: =K78+(1.96*K90) -> 508.56213
A98: Lower | B98: =B75-(1.96*B87) -> 38.15773 | C98: =C75-(1.96*C87) -> -0.81091335 | D98: =D75-(1.96*D87) -> 0.2192 | E98: =E75-(1.96*E87) -> 1.4172122 | F98: =F75-(1.96*F87) -> 184.56087 | G98: =G75-(1.96*G87) -> 0.032649646 | H98: =H75-(1.96*H87) -> 86.334846 | I98: =I75-(1.96*I87) -> 144.17919 | ... K98: =K75-(1.96*K87) -> 35.422389
A99: Lower | B99: =B76-(1.96*B88) -> 32.044144 | C99: =C76-(1.96*C88) -> -0.51436085 | D99: =D76-(1.96*D88) -> 0.8708 | E99: =E76-(1.96*E88) -> 1.682836 | F99: =F76-(1.96*F88) -> 342.45384 | G99: =G76-(1.96*G88) -> 0.040133325 | H99: =H76-(1.96*H88) -> 53.766838 | I99: =I76-(1.96*I88) -> 89.79062 | ... K99: =K76-(1.96*K88) -> 65.795263
A100: Lower | B100: =B77-(1.96*B89) -> 30.704485 | C100: =C77-(1.96*C89) -> -0.81091335 | D100: =D77-(1.96*D89) -> 0.2192 | E100: =E77-(1.96*E89) -> 1.4950029 | F100: =F77-(1.96*F89) -> 246.41663 | G100: =G77-(1.96*G89) -> 0.031857602 | H100: =H77-(1.96*H89) -> 73.448485 | I100: =I77-(1.96*I89) -> 122.65897 | ... K100: =K77-(1.96*K89) -> 53.929602
A101: Lower | B101: =B78-(1.96*B90) -> 29.79389 | C101: =C78-(1.96*C90) -> -0.81091335 | D101: =D78-(1.96*D90) -> 0.2192 | E101: =E78-(1.96*E90) -> 1.6074545 | F101: =F78-(1.96*F90) -> 237.64787 | G101: =G78-(1.96*G90) -> 0.030118143 | H101: =H78-(1.96*H90) -> 47.89654 | I101: =I78-(1.96*I90) -> 79.987221 | ... K101: =K78-(1.96*K90) -> 41.789669

Sheet weibull
A1: Population | B1: estimate_P12 | C1: estimate_P50 | D1: conf.low_P12 | E1: conf.low_P50 | F1: conf.high_P12 | G1: conf.high_P50 | H1: c | I1: b | J1: conf.low_c | K1: conf.low_b | L1: conf.high_c | M1: conf.high_b
A2: CCR-COL | B2: 2.2187969 | C2: 2.570942 | D2: 2.082266 | E2: 2.4309004 | F2: 2.363345 | G2: 2.7109626 | H2: 11.476114 | I2: 2.6543754 | J2: 10.920286 | K2: 2.5138723 | L2: 12.319222 | M2: 2.792829
A3: JLA-JAK | B3: 2.2801423 | C3: 2.633342 | D3: 2.1276005 | E3: 2.4818099 | F3: 2.4363308 | G3: 2.7918231 | H3: 11.738389 | I3: 2.7168611 | J3: 10.977848 | K3: 2.5660677 | L3: 12.411847 | M3: 2.8754929
A4: NRV-NEW | B4: 2.3076028 | C4: 2.6608803 | D4: 2.1627234 | E4: 2.5162266 | F4: 2.4537921 | G4: 2.8094895 | H4: 11.867612 | I4: 2.7443396 | J4: 11.166462 | K4: 2.6001862 | L4: 12.488276 | M4: 2.8931658
A5: TSZ-SAN | B5: 2.3715587 | C5: 2.7255272 | D5: 2.2012472 | E5: 2.5540012 | F5: 2.5416603 | G5: 2.8953681 | H5: 12.151972 | I5: 2.8089834 | J5: 11.373436 | K5: 2.6376452 | L5: 12.974548 | M5: 2.9783243

Sheet Stem hydraulics
E1: hydraulics | F1: hydraulics
A2: population | B2: elevation | C2: genotype | D2: Replicate # | E2: i_cs | F2: i_bs
A3: CCR-COL | B3: 72 | C3: 156 | D3: 43
A4: CCR-COL | B4: 72 | C4: 156 | D4: 44 | E4: 3.2431342 | F4: 148.66184
A5: CCR-COL | B5: 72 | C5: 156 | D5: 45 | E5: 2.8948936 | F5: 1550.9622
A6: CCR-COL | B6: 72 | C6: 156 | D6: 45.2 | E6: 2.4490005 | F6: 505.55011
A7: CCR-COL | B7: 72 | C7: 156 | D7: 45.3 | E7: 2.4203682 | F7: 117.48775
A8: CCR-COL | B8: 72 | C8: 149 | D8: 46 | E8: 2.6538177 | F8: 219.89161
A9: CCR-COL | B9: 72 | C9: 149 | D9: 47 | E9: 2.5839133 | F9: 169.40251
A10: CCR-COL | B10: 72 | C10: 149 | D10: 48 | E10: 2.4787211 | F10: 210.58645
A11: CCR-COL | B11: 72 | C11: 152 | D11: 49 | E11: 2.0143297 | F11: 303.01448
A12: CCR-COL | B12: 72 | C12: 152 | D12: 49.2 | E12: 2.2050401 | F12: 158.22073
A13: CCR-COL | B13: 72 | C13: 152 | D13: 49.3 | E13: 2.0719625 | F13: 146.13969
A14: CCR-COL | B14: 72 | C14: 152 | D14: 50
A15: CCR-COL | B15: 72 | C15: 152 | D15: 51 | E15: 2.586287 | F15: 438.32928
A16: CCR-COL | B16: 72 | C16: 155 | D16: 58 | E16: 2.5314449 | F16: 324.0905
A17: CCR-COL | B17: 72 | C17: 155 | D17: 59 | E17: 2.291759 | F17: 157.24154
A18: CCR-COL | B18: 72 | C18: 155 | D18: 60 | E18: 2.61816 | F18: 141.14386
A19: CCR-COL | B19: 72 | C19: 5 | D19: 61 | E19: 2.6585826 | F19: 159.39441
A20: CCR-COL | B20: 72 | C20: 5 | D20: 61.2 | E20: 2.436813 | F20: 113.97791
A21: CCR-COL | B21: 72 | C21: 5 | D21: 63 | E21: 2.1942131 | F21: 154.96232
A22: CCR-COL | B22: 72 | C22: 5 | D22: 63.2 | E22: 2.8392009 | F22: 93.089392
A23: CCR-COL | B23: 72 | C23: 5 | D23: 63.3 | E23: 2.8530227 | F23: 200.74332
A24: CCR-COL | B24: 72 | C24: 5 | D24: 85
A25: JLA-JAK | B25: 1521 | C25: 155 | D25: 62 | E25: 2.7299709 | F25: 126.94617
A26: JLA-JAK | B26: 1521 | C26: 155 | D26: 64 | E26: 2.1565863 | F26: 290.45873
A27: JLA-JAK | B27: 1521 | C27: 155 | D27: 66 | E27: 2.5483491 | F27: 154.25121
A28: JLA-JAK | B28: 1521 | C28: 157 | D28: 67 | E28: 2.5470854 | F28: 134.44298
A29: JLA-JAK | B29: 1521 | C29: 157 | D29: 68 | E29: 2.8784065 | F29: 136.54064
A30: JLA-JAK | B30: 1521 | C30: 153 | D30: 69 | E30: 2.5464056 | F30: 192.58826
A31: JLA-JAK | B31: 1521 | C31: 158 | D31: 70 | E31: 2.485128 | F31: 94.669456
A32: JLA-JAK | B32: 1521 | C32: 156 | D32: 71 | E32: 2.6157444 | F32: 110.02566
A33: JLA-JAK | B33: 1521 | C33: 157 | D33: 72 | E33: 2.7551149 | F33: 172.30279
A34: JLA-JAK | B34: 1521 | C34: 158 | D34: 73 | E34: 2.778385 | F34: 99.142061
A35: JLA-JAK | B35: 1521 | C35: 156 | D35: 74 | E35: 2.770292 | F35: 157.94117
A36: JLA-JAK | B36: 1521 | C36: 156 | D36: 75 | E36: 2.4846565 | F36: 98.847104
... A43: NRV-NEW | B43: 666 | C43: 101 | D43: 2 | E43: 3.3199144 | F43: 117.34662
A44: NRV-NEW | B44: 666 | C44: 101 | D44: 3
A45: NRV-NEW | B45: 666 | C45: 105 | D45: 7 | E45: 2.1787422 | F45: 297.19866
A46: NRV-NEW | B46: 666 | C46: 105 | D46: 7.2 | E46: 2.2261333 | F46: 97.506586
A47: NRV-NEW | B47: 666 | C47: 105 | D47: 7.3 | E47: 2.2758605 | F47: 103.29833
A48: NRV-NEW | B48: 666 | C48: 105 | D48: 7.4 | E48: 2.2763481 | F48: 146.99208
A49: NRV-NEW | B49: 666 | C49: 105 | D49: 8 | E49: 2.3695513 | F49: 111.80265
A50: NRV-NEW | B50: 666 | C50: 105 | D50: 9 | E50: 2.3959429 | F50: 90.513407
A51: NRV-NEW | B51: 666 | C51: 118 | D51: 10 | E51: 2.6659283 | F51: 75.571312
A52: NRV-NEW | B52: 666 | C52: 118 | D52: 11 | E52: 2.4900451 | F52: 152.05006
A53: NRV-NEW | B53: 666 | C53: 118 | D53: 12 | E53: 2.3850799 | F53: 216.49289
A54: NRV-NEW | B54: 666 | C54: 122 | D54: 16 | E54: 3.1402672 | F54: 389.33223
A55: NRV-NEW | B55: 666 | C55: 122 | D55: 17 | E55: 3.0976294 | F55: 285.13615
A56: NRV-NEW | B56: 666 | C56: 122 | D56: 18 | E56: 2.8391069 | F56: 199.26283
... A60: TSZ-SAN | B60: 1212 | C60: 10 | D60: 21 | E60: 2.8688044 | F60: 114.50321
A61: TSZ-SAN | B61: 1212 | C61: 3 | D61: 29
A62: TSZ-SAN | B62: 1212 | C62: 3 | D62: 30 | E62: 2.3023906 | F62: 150.32988
A63: TSZ-SAN | B63: 1212 | C63: 3 | D63: 31 | E63: 2.5887498 | F63: 154.41809
A64: TSZ-SAN | B64: 1212 | C64: 3 | D64: 31.2 | E64: 3.0735866 | F64: 189.93142
A65: TSZ-SAN | B65: 1212 | C65: 4 | D65: 32 | E65: 2.8666745 | F65: 250.67304
A66: TSZ-SAN | B66: 1212 | C66: 4 | D66: 33 | E66: 2.8554512 | F66: 631.85566
A67: TSZ-SAN | B67: 1212 | C67: 4 | D67: 34 | E67: 2.7271659 | F67: 149.59638
A68: TSZ-SAN | B68: 1212 | C68: 7 | D68: 36 | E68: 2.5368852 | F68: 157.29828
A69: TSZ-SAN | B69: 1212 | C69: 7 | D69: 37 | E69: 2.6366598 | F69: 134.51248
A70: TSZ-SAN | B70: 1212 | C70: 8 | D70: 38 | E70: 2.340178 | F70: 149.73783
A71: TSZ-SAN | B71: 1212 | C71: 8 | D71: 39 | E71: 2.6898282 | F71: 677.61775
A72: TSZ-SAN | B72: 1212 | C72: 8 | D72: 40 | E72: 2.9523975 | F72: 109.8365
A73: TSZ-SAN | B73: 1212 | C73: 10 | D73: 41 | E73: 3.1011806 | F73: 113.88301
A74: TSZ-SAN | B74: 1212 | C74: 10 | D74: 41.2 | E74: 3.0974048 | F74: 107.44095
A75: TSZ-SAN | B75: 1212 | C75: 10 | D75: 42
A76: TSZ-SAN | B76: 1212 | C76: 7 | D76: 83 | E76: 2.8397772 | F76: 84.432944
